household_id,sample_type,sample_id,total_coliform_small_cell_count,total_coliform_large_cell_count,e_coli_small_cell_count,e_coli_large_cell_count,ar_total_coliform_small_cell_count,ar_total_coliform_large_cell_count,ar_e_coli_small_cell_count,ar_e_coli_large_cell_count,tc_detect,ec_detect,ar_tc_detect,ar_ec_detect,esbl_ecoli_detect,esbl_e_coli_cfu,plate_weight,wet_weight,dry_weight
HH001,compost,HH001_compost,9,43,13,3,6,44,43,18,0,1,0,0,0,0,0.4136623188490048,5.107614138700068,4.019989489804954
HH001,effluent,HH001_effluent,3,43,29,20,29,27,8,7,1,1,1,0,1,245,0.39846144813112916,4.908030201219022,3.058981830929406
HH001,produce,HH001_produce,36,32,3,16,1,8,19,15,1,0,1,0,0,0,NA,NA,NA
HH002,compost,HH002_compost,25,26,43,27,21,22,21,3,1,1,0,0,0,0,0.41081682905182243,5.045013541616499,4.767060916392365
HH002,effluent,HH002_effluent,22,23,43,20,18,7,32,17,1,1,0,1,0,0,0.4038890337254852,5.1080442729815845,3.2147894758731126
HH002,produce,HH002_produce,13,19,31,40,19,8,45,18,1,1,0,0,0,0,NA,NA,NA
HH003,compost,HH003_compost,32,45,20,5,28,11,10,33,1,0,1,0,1,245,0.3318407688429579,5.107112850002944,4.472052553137765
HH003,effluent,HH003_effluent,38,26,29,21,45,12,2,36,1,1,0,1,0,0,0.35917965262942014,5.006710202232003,3.3515768820187075
HH003,produce,HH003_produce,24,24,11,38,9,41,46,16,1,0,0,0,0,0,NA,NA,NA
HH004,compost,HH004_compost,16,11,45,43,25,40,16,1,1,1,0,0,0,0,0.38669110559951514,5.006637640908361,5.077603671194054
HH004,effluent,HH004_effluent,10,0,1,19,31,14,14,33,1,0,1,0,0,0,0.38413042212370785,5.0763630505427715,3.2117181549081577
HH004,produce,HH004_produce,14,3,20,29,34,13,34,6,0,0,0,0,0,0,NA,NA,NA
HH005,compost,HH005_compost,47,8,20,28,41,4,11,25,1,1,1,1,1,59,0.3065132592180744,4.90669800106436,4.718492649548687
HH005,effluent,HH005_effluent,20,15,12,18,6,47,47,27,1,1,0,0,1,246,0.32430883880890904,5.057562847949565,4.211505893315189
HH005,produce,HH005_produce,22,9,30,29,31,16,44,19,0,1,0,0,0,0,NA,NA,NA
HH006,compost,HH006_compost,45,45,11,13,21,30,14,37,1,1,0,0,0,0,0.36755322545953095,4.953142347507178,5.090899366630008
HH006,effluent,HH006_effluent,19,17,25,44,9,2,27,20,1,1,0,0,0,0,0.42448826219234614,4.973846943184733,3.28375463206321
HH006,produce,HH006_produce,14,44,28,30,10,36,17,43,1,0,0,0,0,0,NA,NA,NA
HH007,compost,HH007_compost,44,35,26,42,12,27,3,32,1,0,0,0,0,0,0.3618328723078593,4.9764832769930365,4.361948976041283
HH007,effluent,HH007_effluent,30,21,29,18,4,44,18,22,1,1,0,0,0,0,0.4035034979581833,4.910110164910555,3.0425412903307008
HH007,produce,HH007_produce,33,1,8,19,38,33,8,48,1,0,0,0,0,0,NA,NA,NA
HH008,compost,HH008_compost,13,43,40,17,24,19,16,37,1,1,0,0,1,215,0.4154912172053009,5.081062049999833,4.037877048103605
HH008,effluent,HH008_effluent,45,43,36,36,37,34,14,21,1,1,0,0,1,194,0.3135627645747736,5.022117043249309,3.5062344260513783
HH008,produce,HH008_produce,20,23,29,14,30,21,20,7,1,0,0,0,0,0,NA,NA,NA
HH009,compost,HH009_compost,2,46,38,29,3,18,42,12,1,0,1,1,1,202,0.33764689681120214,4.991685358650982,4.794112776354421
HH009,effluent,HH009_effluent,41,6,2,28,15,40,47,14,1,0,0,1,0,0,0.3366453183768317,5.052134619675576,2.940099408780225
HH009,produce,HH009_produce,16,42,28,41,26,16,15,39,0,0,0,0,0,0,NA,NA,NA
HH010,compost,HH010_compost,44,48,23,24,46,13,34,3,1,0,0,1,1,103,0.3761180496085435,5.11866294579953,4.173150390614057
HH010,effluent,HH010_effluent,49,34,0,47,39,34,15,20,1,1,0,1,0,0,0.35549744309019293,5.011941562995315,4.138614820246585
HH010,produce,HH010_produce,6,22,29,2,26,5,33,41,1,1,0,0,0,0,NA,NA,NA
HH011,compost,HH011_compost,9,12,39,9,13,7,34,7,0,1,0,0,1,43,0.3267439860673621,5.0881178333610295,4.361719168476295
HH011,effluent,HH011_effluent,49,28,2,32,13,44,27,37,1,1,0,0,1,9,0.4079450408052653,4.911176255837082,3.916511158971116
HH011,produce,HH011_produce,36,31,13,19,30,46,39,31,1,1,0,0,0,0,NA,NA,NA
HH012,compost,HH012_compost,25,41,9,31,30,37,10,37,1,1,0,0,0,0,0.34539265190809965,5.122282367601991,4.801357628047699
HH012,effluent,HH012_effluent,21,29,39,26,24,1,22,44,1,0,0,0,0,0,0.3935283189434558,5.008200775817037,3.0461208783555778
HH012,produce,HH012_produce,7,44,19,45,26,34,43,9,0,0,0,0,0,0,NA,NA,NA
HH013,compost,HH013_compost,13,38,5,43,6,41,32,36,1,1,0,1,1,186,0.34450554063636807,5.100549534626305,4.494919105614535
HH013,effluent,HH013_effluent,30,13,32,29,45,6,30,40,1,0,1,0,1,97,0.3133208147697151,5.021679554462433,3.881938070920296
HH013,produce,HH013_produce,11,31,5,16,18,28,47,27,0,0,0,0,0,0,NA,NA,NA
HH014,compost,HH014_compost,21,33,41,3,9,17,44,35,1,0,1,0,1,78,0.3588613149225712,5.029773390725255,4.2767168984049935
HH014,effluent,HH014_effluent,24,38,48,17,2,26,43,27,1,1,0,0,1,213,0.42357345852162687,4.96808733189851,2.865400205506012
HH014,produce,HH014_produce,12,36,3,34,32,32,47,12,0,0,0,0,1,102,NA,NA,NA
HH015,compost,HH015_compost,36,13,43,44,19,12,25,2,1,1,1,0,0,0,0.3060864962115884,4.998051126793027,4.937669481108896
HH015,effluent,HH015_effluent,48,2,19,41,37,1,47,1,1,1,1,0,0,0,0.3517068156711757,4.964115982294082,4.538615629984998
HH015,produce,HH015_produce,2,3,41,36,41,39,7,32,1,0,0,0,0,0,NA,NA,NA
HH016,compost,HH016_compost,21,38,36,29,32,45,32,24,1,1,0,0,0,0,0.40148225193563847,4.99790530256927,4.008344892540947
HH016,effluent,HH016_effluent,17,14,47,20,42,14,44,16,1,1,0,0,1,8,0.3808051707101986,5.0195805619955065,3.9413135273149233
HH016,produce,HH016_produce,34,13,33,37,25,28,25,26,1,0,0,1,1,192,NA,NA,NA
HH017,compost,HH017_compost,6,34,27,12,8,42,24,14,1,1,0,0,1,4,0.4241177308280021,4.948733162656426,3.848960997614544
HH017,effluent,HH017_effluent,11,3,9,21,2,19,44,13,1,1,1,0,0,0,0.3539619101230055,5.068411828368903,4.104448798019439
HH017,produce,HH017_produce,10,45,49,0,35,35,29,3,1,0,0,0,0,0,NA,NA,NA
HH018,compost,HH018_compost,49,10,43,17,48,45,41,46,1,1,0,0,0,0,0.32260927407257256,5.07273435934633,4.066196023543365
HH018,effluent,HH018_effluent,45,32,14,46,4,35,17,19,1,1,0,0,1,87,0.36710820980276915,5.097982997350394,2.960198130249046
HH018,produce,HH018_produce,41,15,1,20,13,39,47,34,1,1,0,0,0,0,NA,NA,NA
HH019,compost,HH019_compost,6,46,25,33,3,4,47,44,1,1,0,0,1,66,0.3155772628961131,4.922536006823182,4.250395861223107
HH019,effluent,HH019_effluent,21,20,22,32,18,38,28,39,1,1,0,0,0,0,0.3578826027819887,5.106127394005656,3.1648237443063407
HH019,produce,HH019_produce,22,17,23,42,46,21,1,31,0,0,0,0,0,0,NA,NA,NA
HH020,compost,HH020_compost,14,36,6,40,28,31,29,22,1,1,1,0,1,110,0.35234715542104095,5.017018185101449,3.8135807397554164
HH020,effluent,HH020_effluent,46,7,4,45,17,24,17,37,1,1,0,0,0,0,0.39389783788844945,5.030191732190549,3.131975009664893
HH020,produce,HH020_produce,15,21,28,18,43,9,34,23,0,0,0,0,0,0,NA,NA,NA
HH021,compost,HH021_compost,26,24,37,16,33,6,29,21,1,1,0,0,0,0,0.32240393038559706,5.124102154746652,4.953010761632118
HH021,effluent,HH021_effluent,45,14,23,19,9,48,41,41,1,1,0,0,0,0,0.31606252042483535,4.909584481358528,4.024444903642871
HH021,produce,HH021_produce,42,37,24,18,35,29,27,17,1,0,1,0,0,0,NA,NA,NA
HH022,compost,HH022_compost,7,32,4,5,30,19,49,6,1,1,0,0,0,0,0.38333298489917067,5.028698315426707,4.332730275861919
HH022,effluent,HH022_effluent,19,45,18,10,11,46,46,40,1,0,0,0,0,0,0.36001149236410857,5.114299423031509,4.517649230617098
HH022,produce,HH022_produce,13,20,44,18,35,31,1,0,0,1,0,0,1,237,NA,NA,NA
HH023,compost,HH023_compost,6,8,24,37,10,27,18,11,1,1,1,0,1,112,0.3889814968118444,4.905521107211709,4.021021504727658
HH023,effluent,HH023_effluent,46,6,37,27,26,26,18,36,1,1,0,1,1,30,0.3911550485892221,4.942837981365621,4.336237887432799
HH023,produce,HH023_produce,22,41,27,47,10,4,30,14,0,0,0,0,0,0,NA,NA,NA
HH024,compost,HH024_compost,13,5,28,29,23,36,37,18,1,0,1,0,0,0,0.3949291281616315,5.015723619163036,4.05707120964746
HH024,effluent,HH024_effluent,11,19,33,20,41,7,22,38,1,1,1,0,0,0,0.3569682907555252,5.1127162783816456,4.057248102873563
HH024,produce,HH024_produce,47,2,5,9,43,42,37,38,1,1,0,0,0,0,NA,NA,NA
HH025,compost,HH025_compost,12,34,19,4,13,30,7,7,1,1,0,0,1,140,0.4135036304667592,5.03677938260138,4.831280681247823
HH025,effluent,HH025_effluent,47,41,31,9,39,35,15,23,1,1,1,0,0,0,0.40306307296361776,5.107653773337603,3.2234367929864676
HH025,produce,HH025_produce,37,24,27,48,39,36,39,4,0,1,1,0,0,0,NA,NA,NA
HH026,compost,HH026_compost,45,22,25,36,2,41,25,33,1,1,0,0,1,36,0.3655370330167934,5.0081919452473525,4.759895693403902
HH026,effluent,HH026_effluent,13,37,30,47,18,46,0,33,1,0,0,0,1,27,0.41128114829212425,4.95853174238652,3.7198864557547493
HH026,produce,HH026_produce,39,20,25,21,24,7,15,41,1,0,0,0,0,0,NA,NA,NA
HH027,compost,HH027_compost,15,3,17,34,7,14,17,48,0,1,1,0,0,0,0.4195562938498333,5.013434829555452,5.098895044090925
HH027,effluent,HH027_effluent,26,41,19,28,17,46,33,34,1,0,0,0,0,0,0.3549736531702802,4.967981140591204,4.223302041692659
HH027,produce,HH027_produce,11,0,32,42,21,0,38,25,1,0,0,0,0,0,NA,NA,NA
HH028,compost,HH028_compost,19,8,25,17,8,12,0,5,1,1,0,0,0,0,0.39853181608300653,5.076924068681896,4.66804628142016
HH028,effluent,HH028_effluent,40,31,15,10,39,0,17,48,1,1,0,0,0,0,0.3784442866211757,4.995635577306151,3.524980315216817
HH028,produce,HH028_produce,1,41,38,47,24,21,30,10,0,0,1,0,0,0,NA,NA,NA
HH029,compost,HH029_compost,24,33,46,11,3,39,15,2,1,1,0,1,0,0,0.33816966209933164,5.122759986594319,4.925225440961542
HH029,effluent,HH029_effluent,0,21,32,23,24,28,8,46,1,1,0,1,1,110,0.3828564109876752,5.009947798654437,3.279773062025197
HH029,produce,HH029_produce,10,45,23,46,4,45,13,14,1,0,0,0,0,0,NA,NA,NA
HH030,compost,HH030_compost,19,27,27,8,26,28,7,36,1,1,0,0,0,0,0.3961811708342284,4.960887565821409,4.155095829447964
HH030,effluent,HH030_effluent,48,12,47,34,43,28,13,0,1,1,0,0,1,183,0.3344043128862977,4.922762364275753,3.9648162438767027
HH030,produce,HH030_produce,25,37,23,0,10,40,3,42,1,0,0,0,0,0,NA,NA,NA
HH031,compost,HH031_compost,11,3,38,30,35,18,10,11,1,1,0,0,0,0,0.3207138432189822,4.904376727089286,4.235416036700364
HH031,effluent,HH031_effluent,46,10,26,44,37,7,46,37,1,1,1,0,0,0,0.3362454810421914,5.008619900844991,4.256354970647953
HH031,produce,HH031_produce,10,1,46,7,40,47,30,39,0,1,0,0,0,0,NA,NA,NA
HH032,compost,HH032_compost,41,30,27,24,11,46,36,26,0,1,0,0,0,0,0.30856834338046607,5.0655672797858715,4.374418104462325
HH032,effluent,HH032_effluent,31,3,20,23,43,20,9,12,1,1,1,0,0,0,0.3669594532754272,4.956936576537788,3.3151953993598
HH032,produce,HH032_produce,46,25,35,15,40,12,13,24,1,0,0,0,0,0,NA,NA,NA
HH033,compost,HH033_compost,17,16,13,44,0,37,17,32,0,1,0,0,0,0,0.3166148702017963,5.050527991719544,4.963585589675931
HH033,effluent,HH033_effluent,19,39,39,37,4,7,22,7,1,1,0,0,1,113,0.35458254042081533,5.083798260614276,4.2108641441678625
HH033,produce,HH033_produce,10,15,30,45,45,48,32,7,1,0,0,0,0,0,NA,NA,NA
HH034,compost,HH034_compost,20,34,16,46,21,30,35,44,1,1,0,1,0,0,0.4091266608443111,5.094033472657204,4.092765518046916
HH034,effluent,HH034_effluent,20,4,22,28,42,17,34,39,1,1,0,0,0,0,0.41299067104049025,5.019257270999253,4.163257535803131
HH034,produce,HH034_produce,43,30,23,37,0,0,25,26,1,0,0,0,0,0,NA,NA,NA
HH035,compost,HH035_compost,6,13,31,44,36,0,33,44,1,1,1,0,1,175,0.40222712653130294,4.966364240892231,4.970693459064234
HH035,effluent,HH035_effluent,36,35,2,2,45,16,5,34,1,1,0,0,1,226,0.4218832812486216,5.0127007645443085,4.108928652340547
HH035,produce,HH035_produce,44,40,22,21,29,29,35,32,1,0,0,0,0,0,NA,NA,NA
HH036,compost,HH036_compost,20,11,39,39,35,1,35,34,1,1,1,0,0,0,0.37906677840556946,4.980663861036301,4.540335415993119
HH036,effluent,HH036_effluent,21,8,14,22,41,1,26,1,1,1,1,0,0,0,0.4040080506112427,5.023064301818609,4.090629747044295
HH036,produce,HH036_produce,18,34,17,22,25,20,0,17,0,0,0,0,0,0,NA,NA,NA
HH037,compost,HH037_compost,4,35,10,47,17,36,15,29,1,0,0,0,0,0,0.4080067973462865,4.914947562478482,4.327019371689996
HH037,effluent,HH037_effluent,19,15,6,9,48,47,27,23,1,0,1,0,0,0,0.34371553411427885,5.054107196636498,4.241482001892291
HH037,produce,HH037_produce,44,39,2,28,10,22,35,4,1,0,0,0,0,0,NA,NA,NA
HH038,compost,HH038_compost,44,19,24,20,15,8,18,32,1,1,0,0,0,0,0.35802635097038,4.99259764432162,4.206479158105561
HH038,effluent,HH038_effluent,28,28,33,3,19,0,18,34,1,0,0,1,1,135,0.3240646976949647,5.092461267009377,3.684364377334714
HH038,produce,HH038_produce,32,47,4,38,26,44,42,6,1,0,0,0,0,0,NA,NA,NA
HH039,compost,HH039_compost,25,13,12,7,41,9,21,42,1,1,0,0,0,0,0.35825316192023454,4.977264035329222,4.928971925638849
HH039,effluent,HH039_effluent,9,26,16,30,1,37,36,47,1,1,1,0,0,0,0.3185498820701614,5.047134157471358,4.3798829498933625
HH039,produce,HH039_produce,18,3,0,6,13,32,16,40,1,0,0,0,0,0,NA,NA,NA
HH040,compost,HH040_compost,48,9,12,30,12,10,47,1,1,0,0,0,0,0,0.33651688307803124,5.065514602720738,4.265608483824646
HH040,effluent,HH040_effluent,43,36,29,13,5,24,10,13,1,1,1,0,0,0,0.4030468905661255,5.041532819844782,4.369591199769639
HH040,produce,HH040_produce,4,10,44,9,43,34,38,45,0,0,0,0,0,0,NA,NA,NA
HH041,compost,HH041_compost,3,20,43,16,2,40,41,30,1,1,1,0,0,0,0.40961893907841296,4.992792157024145,4.748020471887197
HH041,effluent,HH041_effluent,16,26,21,18,46,39,47,8,1,1,0,1,1,230,0.3610767731871456,4.986436860948801,3.9618665880290793
HH041,produce,HH041_produce,30,48,38,0,13,40,37,15,1,0,1,0,0,0,NA,NA,NA
HH042,compost,HH042_compost,16,48,19,15,32,20,29,43,1,1,1,0,0,0,0.3807368693444878,4.929707521043718,5.09875356925209
HH042,effluent,HH042_effluent,39,5,10,4,49,23,25,47,1,1,0,0,0,0,0.34736648297216743,4.930940439835191,3.042545901145786
HH042,produce,HH042_produce,10,30,15,46,12,21,21,17,0,0,0,0,0,0,NA,NA,NA
HH043,compost,HH043_compost,4,9,6,13,44,1,0,3,1,0,0,0,1,110,0.33986985082458704,5.070487345978617,4.484001290074549
HH043,effluent,HH043_effluent,35,40,0,11,30,0,48,39,1,1,0,0,1,189,0.40841568836662917,5.012140628486872,3.2368965202011166
HH043,produce,HH043_produce,24,24,36,14,9,33,21,12,1,0,0,0,0,0,NA,NA,NA
HH044,compost,HH044_compost,13,36,46,12,32,18,46,8,1,1,1,1,0,0,0.4193432025434449,4.952763128317892,5.086261773764389
HH044,effluent,HH044_effluent,10,4,42,21,36,34,0,48,1,1,1,0,0,0,0.348102072538808,4.9889791174307465,4.021999931964092
HH044,produce,HH044_produce,23,44,30,40,40,16,13,10,1,0,1,0,0,0,NA,NA,NA
HH045,compost,HH045_compost,23,15,21,29,34,42,23,29,1,0,0,0,0,0,0.31935570447240025,4.951985684946179,4.928022389862454
HH045,effluent,HH045_effluent,24,40,31,31,32,48,30,20,1,1,1,0,1,20,0.37117842101026327,4.958725765049458,3.201811785646714
HH045,produce,HH045_produce,40,33,13,28,44,8,41,1,0,0,0,0,0,0,NA,NA,NA
HH046,compost,HH046_compost,26,42,4,42,15,36,15,28,1,0,0,0,0,0,0.40819052369892594,5.11041208793968,5.0414558852966875
HH046,effluent,HH046_effluent,14,17,31,3,3,37,12,9,1,1,0,1,0,0,0.3444409132208675,5.061566002771258,3.7045476280385627
HH046,produce,HH046_produce,13,29,22,12,26,3,34,3,0,1,0,0,0,0,NA,NA,NA
HH047,compost,HH047_compost,1,24,9,36,0,41,10,13,1,0,0,1,0,0,0.31747702272515743,4.964522544711828,4.724922407532111
HH047,effluent,HH047_effluent,37,29,10,11,44,13,1,5,1,1,0,0,1,221,0.3469660934796557,4.903734572559595,3.194249573140405
HH047,produce,HH047_produce,40,8,16,42,18,8,42,11,1,0,0,0,0,0,NA,NA,NA
HH048,compost,HH048_compost,16,13,3,44,37,22,1,17,1,0,1,0,1,148,0.3707156598512083,5.076320523805916,4.596537578463787
HH048,effluent,HH048_effluent,33,33,28,28,1,39,30,47,1,1,0,0,1,52,0.3592989344066009,5.043164659805596,3.980387401417829
HH048,produce,HH048_produce,11,1,31,39,30,11,17,13,1,1,0,0,0,0,NA,NA,NA
HH049,compost,HH049_compost,45,6,17,35,19,40,41,0,1,0,0,0,0,0,0.30697159656044093,4.9840578264519575,4.669082796691917
HH049,effluent,HH049_effluent,16,1,24,44,4,14,2,19,1,1,1,0,0,0,0.36950538447871806,4.992488624125719,3.379607354081236
HH049,produce,HH049_produce,45,45,24,15,2,41,23,27,1,0,0,0,0,0,NA,NA,NA
HH050,compost,HH050_compost,7,23,18,43,12,13,24,30,1,1,0,1,0,0,0.3643598226187751,5.0760567143112425,4.427317022150848
HH050,effluent,HH050_effluent,24,12,21,44,12,23,34,45,1,0,0,1,1,18,0.38846715074032545,5.109203356169164,3.7735035226214677
HH050,produce,HH050_produce,44,0,7,34,27,43,25,48,1,0,0,0,0,0,NA,NA,NA
HH051,compost,HH051_compost,11,32,28,8,37,40,10,27,1,0,0,0,1,75,0.39283679535705596,4.958296918399632,4.302948532179231
HH051,effluent,HH051_effluent,34,34,1,16,21,20,31,6,1,1,0,0,0,0,0.4034498939523473,4.979854248777031,3.715052316756919
HH051,produce,HH051_produce,49,27,41,42,27,41,47,45,1,0,0,0,0,0,NA,NA,NA
HH052,compost,HH052_compost,27,46,9,2,46,24,25,38,1,1,0,0,0,0,0.3972579112788662,5.12005519040674,4.4802724466933865
HH052,effluent,HH052_effluent,34,36,34,46,5,0,21,4,1,1,0,0,0,0,0.3191326663270593,5.024580218836665,4.162576475786045
HH052,produce,HH052_produce,7,45,30,26,6,22,32,21,1,0,0,1,0,0,NA,NA,NA
HH053,compost,HH053_compost,8,10,1,34,12,33,36,8,0,1,1,0,0,0,0.3934599926043302,5.011896423444152,4.839528466928051
HH053,effluent,HH053_effluent,2,45,26,18,26,13,14,10,1,1,0,0,0,0,0.3548773159272969,5.041845604456961,3.448429530276917
HH053,produce,HH053_produce,12,3,25,29,35,30,27,20,1,0,0,0,0,0,NA,NA,NA
HH054,compost,HH054_compost,33,41,15,6,21,4,13,3,0,0,0,0,1,103,0.34344942066818474,4.973172505967319,4.545057805510471
HH054,effluent,HH054_effluent,17,1,19,21,12,17,7,21,1,1,0,0,1,132,0.3885594194242731,5.004480684101582,4.436790684517472
HH054,produce,HH054_produce,9,5,46,40,40,35,47,10,0,0,0,0,0,0,NA,NA,NA
HH055,compost,HH055_compost,36,21,42,37,21,21,24,39,1,0,0,0,0,0,0.4055773196881637,4.904326300941407,4.389483163888799
HH055,effluent,HH055_effluent,16,26,25,34,28,33,21,35,1,1,0,0,1,50,0.3063510233405977,4.995367199271917,4.472341221827082
HH055,produce,HH055_produce,45,36,12,36,11,3,32,31,1,1,0,0,0,0,NA,NA,NA
HH056,compost,HH056_compost,21,18,39,27,47,4,13,36,1,0,1,0,0,0,0.3609910115357488,5.0884339355453845,4.758386707009049
HH056,effluent,HH056_effluent,10,29,39,42,20,36,44,37,1,1,1,0,0,0,0.38011280397512015,5.023161185137927,3.8763835087884218
HH056,produce,HH056_produce,11,24,17,1,15,13,37,48,1,0,0,0,0,0,NA,NA,NA
HH057,compost,HH057_compost,42,40,28,8,6,42,45,43,0,1,0,0,0,0,0.31381583367008714,4.941327859967947,4.707247004981851
HH057,effluent,HH057_effluent,16,39,15,5,47,7,7,34,1,0,0,0,0,0,0.4214503008145839,5.003259636096656,4.14635335081257
HH057,produce,HH057_produce,4,46,3,1,5,37,41,35,0,1,1,0,0,0,NA,NA,NA
HH058,compost,HH058_compost,44,13,34,22,43,48,36,2,1,1,0,1,0,0,0.3842792105823755,4.954510546013712,3.8596310543909205
HH058,effluent,HH058_effluent,15,37,43,6,2,5,29,23,1,1,0,0,1,146,0.40326684260368345,4.962774508208036,3.189746607351117
HH058,produce,HH058_produce,22,28,48,32,32,7,39,10,1,0,0,0,0,0,NA,NA,NA
HH059,compost,HH059_compost,7,12,23,5,10,38,46,28,1,1,1,0,0,0,0.41012459255382416,4.950537499733269,4.89893264247803
HH059,effluent,HH059_effluent,36,5,39,15,44,36,31,5,1,1,0,0,1,114,0.39994359070900826,5.059302500478923,3.4093282723100855
HH059,produce,HH059_produce,14,2,39,22,12,17,5,27,1,0,0,0,0,0,NA,NA,NA
HH060,compost,HH060_compost,24,13,23,26,3,15,27,43,1,1,0,0,0,0,0.33327748330682516,5.102877889558673,4.752835831546225
HH060,effluent,HH060_effluent,34,38,35,35,28,0,22,14,1,1,0,0,0,0,0.3154448607796803,4.922330495297909,2.9718839768785985
HH060,produce,HH060_produce,12,28,41,14,16,27,22,27,1,0,0,0,0,0,NA,NA,NA
HH061,compost,HH061_compost,48,22,19,18,12,3,39,27,1,1,0,0,0,0,0.38531948530860244,5.086871650591493,4.071008009142941
HH061,effluent,HH061_effluent,28,22,11,36,45,28,36,22,1,1,0,0,0,0,0.32353034537751224,5.04096087808907,3.8936031160410494
HH061,produce,HH061_produce,41,45,15,16,13,5,18,19,1,0,0,0,0,0,NA,NA,NA
HH062,compost,HH062_compost,30,34,19,13,20,42,24,28,1,0,0,0,0,0,0.333350096758455,5.054094304829836,4.51543231189088
HH062,effluent,HH062_effluent,48,8,40,3,37,19,35,47,1,1,0,0,0,0,0.3885852649165317,5.08623575694859,2.946858755638823
HH062,produce,HH062_produce,16,39,26,42,12,13,26,8,1,1,0,0,0,0,NA,NA,NA
HH063,compost,HH063_compost,42,22,40,47,15,9,28,36,1,1,0,0,1,226,0.3751607155483216,5.058652247570455,4.917671717195306
HH063,effluent,HH063_effluent,26,31,49,29,22,2,42,29,1,1,0,0,0,0,0.4212427872698754,5.015493908308446,3.4217817161465063
HH063,produce,HH063_produce,39,36,29,4,11,40,27,40,0,1,0,0,0,0,NA,NA,NA
HH064,compost,HH064_compost,8,48,2,35,6,25,32,32,1,1,0,0,0,0,0.3913897026637569,4.9368734546229245,4.880001775701064
HH064,effluent,HH064_effluent,40,25,2,47,16,20,21,35,1,1,1,1,0,0,0.4048272817451507,5.022766760483384,4.028380845254287
HH064,produce,HH064_produce,43,48,10,36,3,15,13,3,1,1,0,0,0,0,NA,NA,NA
HH065,compost,HH065_compost,5,7,27,9,20,17,46,12,1,0,0,0,0,0,0.34664715771004556,4.9501727350428695,4.675740361250239
HH065,effluent,HH065_effluent,47,7,47,13,6,29,49,13,1,1,0,0,0,0,0.3444522462720051,4.990796832442284,3.5224688193993643
HH065,produce,HH065_produce,40,30,7,29,8,10,14,2,1,1,0,0,0,0,NA,NA,NA
HH066,compost,HH066_compost,13,29,10,5,13,43,31,24,1,0,0,0,1,153,0.3953951824335381,4.972916171140969,4.980628581066383
HH066,effluent,HH066_effluent,48,32,47,45,12,27,7,18,1,1,0,0,0,0,0.33250934191886333,4.911259301327169,3.368768573435955
HH066,produce,HH066_produce,10,41,7,4,3,33,48,13,0,0,0,0,0,0,NA,NA,NA
HH067,compost,HH067_compost,46,28,34,36,42,16,45,7,1,1,1,0,1,84,0.38563873337581756,4.978212390176952,4.95042654139339
HH067,effluent,HH067_effluent,44,0,26,3,44,20,28,17,1,1,0,1,0,0,0.399933119514957,5.045169308125972,4.431896091951057
HH067,produce,HH067_produce,44,13,25,25,30,13,8,18,0,1,0,0,0,0,NA,NA,NA
HH068,compost,HH068_compost,24,22,34,10,38,31,46,16,1,1,0,0,1,143,0.3438840354895219,5.087372617080808,4.277452482742024
HH068,effluent,HH068_effluent,15,9,21,17,2,39,44,26,1,0,0,0,0,0,0.413483580308035,4.901420778676867,2.9945168559905144
HH068,produce,HH068_produce,20,37,22,41,10,41,39,26,1,0,0,0,0,0,NA,NA,NA
HH069,compost,HH069_compost,43,34,1,48,47,20,12,13,1,1,0,0,1,6,0.34644631801452486,5.049290035784244,4.379531224492239
HH069,effluent,HH069_effluent,25,6,29,0,9,34,18,0,1,1,1,0,1,200,0.34708411919511856,5.0755721478760245,4.113612187211402
HH069,produce,HH069_produce,34,41,43,3,27,15,19,11,0,0,0,0,0,0,NA,NA,NA
HH070,compost,HH070_compost,14,26,38,26,3,32,37,35,1,1,0,0,0,0,0.410746773657389,5.056917038880289,4.602336876681075
HH070,effluent,HH070_effluent,10,28,15,9,44,31,26,45,1,1,0,0,1,118,0.40343825045134873,5.06712697263062,3.6028148410841823
HH070,produce,HH070_produce,11,4,1,20,4,28,7,5,1,1,0,0,0,0,NA,NA,NA
HH071,compost,HH071_compost,1,28,43,48,34,15,33,22,1,0,0,0,0,0,0.40062755632959307,5.090461036399007,3.8249666484072806
HH071,effluent,HH071_effluent,18,37,36,45,48,12,42,19,1,1,0,0,0,0,0.31320969955902545,4.9727895540595055,3.004279686766677
HH071,produce,HH071_produce,45,14,20,33,16,12,45,8,0,1,0,0,0,0,NA,NA,NA
HH072,compost,HH072_compost,46,27,0,25,3,25,15,42,1,0,0,0,0,0,0.3238735722247511,5.040798179730773,4.840476289974759
HH072,effluent,HH072_effluent,6,25,49,7,19,11,12,45,1,1,0,0,0,0,0.36758567732945086,4.976757812388241,3.1828504397301005
HH072,produce,HH072_produce,41,18,39,44,21,4,36,43,1,1,0,0,0,0,NA,NA,NA
HH073,compost,HH073_compost,10,7,22,18,12,9,36,31,1,1,0,0,1,135,0.36734828870929775,5.105797794923186,3.838126057992224
HH073,effluent,HH073_effluent,3,36,11,34,24,4,5,19,1,1,0,1,1,64,0.41893661190662534,5.014944234512746,3.994620376056991
HH073,produce,HH073_produce,20,38,29,29,20,30,12,28,1,1,0,0,1,127,NA,NA,NA
HH074,compost,HH074_compost,1,6,23,27,18,18,29,10,1,1,0,0,0,0,0.40984052102826535,5.075345372773707,4.071506761258468
HH074,effluent,HH074_effluent,15,9,42,37,39,14,14,25,1,1,0,1,0,0,0.3821250776126981,5.11017276352644,3.0716234335443007
HH074,produce,HH074_produce,28,35,33,9,45,36,46,44,1,1,0,0,0,0,NA,NA,NA
HH075,compost,HH075_compost,4,16,34,29,24,28,45,1,1,0,0,1,1,65,0.36413391455169763,5.06421867467463,4.906932401573984
HH075,effluent,HH075_effluent,39,44,45,25,48,4,14,5,1,1,0,0,0,0,0.3886411059340462,4.932354134887457,3.93614910133183
HH075,produce,HH075_produce,39,6,8,29,9,7,46,48,1,1,0,0,0,0,NA,NA,NA
HH076,compost,HH076_compost,23,17,40,0,15,47,43,20,1,1,0,0,0,0,0.30493641849048436,5.087111654363572,4.111572032773169
HH076,effluent,HH076_effluent,12,40,44,24,47,0,15,42,1,0,0,1,0,0,0.38804370758123696,4.990256384074688,3.770116333314218
HH076,produce,HH076_produce,6,12,7,31,1,24,1,36,0,1,0,0,0,0,NA,NA,NA
HH077,compost,HH077_compost,6,27,7,42,4,34,19,14,0,0,0,0,0,0,0.4070607908228412,5.049980602063239,4.440141123869457
HH077,effluent,HH077_effluent,5,21,21,17,6,44,27,11,1,1,0,0,0,0,0.36860693865455685,5.09329397919029,2.935580484638922
HH077,produce,HH077_produce,21,46,17,45,37,36,17,20,1,0,0,0,0,0,NA,NA,NA
HH078,compost,HH078_compost,7,32,48,21,36,4,33,40,1,1,0,1,1,130,0.30120005968771874,5.103512074738741,4.928225719852839
HH078,effluent,HH078_effluent,1,46,7,10,10,32,7,13,1,1,0,1,1,52,0.3349874762771651,4.993315588094294,2.9380894543835896
HH078,produce,HH078_produce,15,12,22,48,1,11,8,11,0,1,0,0,0,0,NA,NA,NA
HH079,compost,HH079_compost,8,11,31,48,40,38,20,21,1,0,0,0,1,169,0.3783465439379215,4.932087253831327,4.855822203404736
HH079,effluent,HH079_effluent,29,24,19,41,5,33,3,7,1,1,0,0,1,153,0.40345662623643874,5.072706970326602,3.9771629732102154
HH079,produce,HH079_produce,5,23,20,19,37,13,17,5,1,1,0,0,1,18,NA,NA,NA
HH080,compost,HH080_compost,44,5,36,40,34,21,29,21,1,1,0,0,1,43,0.30537089380715043,5.06435752709955,4.6894308018034785
HH080,effluent,HH080_effluent,9,12,8,7,23,15,38,11,1,1,0,1,1,91,0.37570833253115415,5.053935908555984,4.440672991215251
HH080,produce,HH080_produce,34,37,43,24,9,21,15,29,1,0,0,0,0,0,NA,NA,NA
HH081,compost,HH081_compost,21,25,32,32,8,32,35,7,1,1,0,0,0,0,0.31984125293418764,5.0896217363253236,4.893418657733826
HH081,effluent,HH081_effluent,21,14,38,18,31,37,14,22,1,1,0,1,1,97,0.30866801043134184,5.026579023867845,3.778302889922634
HH081,produce,HH081_produce,39,7,42,45,46,2,10,8,1,0,0,0,0,0,NA,NA,NA
HH082,compost,HH082_compost,10,44,32,42,0,33,44,37,1,1,1,0,0,0,0.3577380800712854,4.997797894403338,4.850951814564411
HH082,effluent,HH082_effluent,4,17,12,45,7,42,34,22,1,1,0,0,1,22,0.4230352190416306,5.0919033336266875,3.890471070772037
HH082,produce,HH082_produce,17,22,32,30,3,43,7,2,1,0,0,0,0,0,NA,NA,NA
HH083,compost,HH083_compost,47,39,16,22,1,42,39,35,1,1,0,0,0,0,0.3107517050616443,5.120419122092426,4.39137263537827
HH083,effluent,HH083_effluent,28,33,8,2,3,33,35,44,1,1,0,0,1,89,0.38490326708834616,4.9248122371584175,4.3705128050874915
HH083,produce,HH083_produce,36,41,26,7,45,22,39,41,1,0,0,0,0,0,NA,NA,NA
HH084,compost,HH084_compost,38,39,6,24,4,46,45,21,1,1,1,0,0,0,0.35826879247743637,5.025021986916661,4.755320135138696
HH084,effluent,HH084_effluent,41,46,27,4,10,31,0,6,0,1,1,0,0,0,0.30877910341136156,5.109701134845614,4.383176127891057
HH084,produce,HH084_produce,12,47,2,30,35,48,24,31,1,0,0,0,0,0,NA,NA,NA
HH085,compost,HH085_compost,15,10,11,18,18,10,31,11,1,0,0,0,0,0,0.3522846857951954,4.958579601876438,4.959856079598656
HH085,effluent,HH085_effluent,32,48,10,11,31,15,37,13,1,1,0,0,1,44,0.4199075149903074,5.061444005236029,3.671189459483139
HH085,produce,HH085_produce,35,0,49,32,46,12,10,28,1,1,0,0,0,0,NA,NA,NA
HH086,compost,HH086_compost,18,39,33,37,12,2,19,39,1,0,0,0,0,0,0.34177182806190104,4.926561445876956,3.9381917976993135
HH086,effluent,HH086_effluent,8,23,0,32,7,2,35,28,1,1,0,0,1,137,0.3711596414064988,5.0001984257102015,3.7628018904710188
HH086,produce,HH086_produce,37,46,38,2,20,29,15,15,1,0,0,0,0,0,NA,NA,NA
HH087,compost,HH087_compost,37,17,39,43,7,25,13,15,1,1,0,1,1,230,0.3115493465196341,5.077804756395519,4.329076573160477
HH087,effluent,HH087_effluent,12,33,11,45,33,40,47,28,1,1,0,0,0,0,0.3520187124600634,4.9575453969538215,4.518753128778189
HH087,produce,HH087_produce,43,41,23,32,5,20,40,1,0,0,1,0,0,0,NA,NA,NA
HH088,compost,HH088_compost,13,15,18,11,39,9,29,9,1,1,0,0,0,0,0.327828134290874,5.030507616788149,4.392329915410141
HH088,effluent,HH088_effluent,23,42,7,14,29,31,0,9,1,1,0,0,0,0,0.3300595018044114,4.978516720145941,4.166394996177405
HH088,produce,HH088_produce,33,31,48,27,4,22,26,3,1,0,0,0,0,0,NA,NA,NA
HH089,compost,HH089_compost,24,32,10,36,4,3,6,47,1,1,1,0,0,0,0.394635743544437,5.115407358936966,5.096351390416967
HH089,effluent,HH089_effluent,47,34,22,48,13,42,31,13,1,1,0,0,0,0,0.33172814818285407,5.044054049633443,2.996781807183288
HH089,produce,HH089_produce,22,8,21,39,24,22,39,47,0,1,0,0,0,0,NA,NA,NA
HH090,compost,HH090_compost,21,1,15,39,26,3,46,15,1,1,0,1,0,0,0.4074808083800599,5.124366552695632,5.047943410784938
HH090,effluent,HH090_effluent,39,32,40,14,13,45,42,3,1,1,0,0,1,50,0.31353940473124386,4.96269197627902,4.501984438975342
HH090,produce,HH090_produce,26,8,10,42,46,16,30,10,1,0,0,0,0,0,NA,NA,NA
HH091,compost,HH091_compost,21,23,38,22,16,2,24,16,1,1,0,0,1,88,0.3089988175518811,4.989589230172336,4.051481331860879
HH091,effluent,HH091_effluent,7,28,35,46,48,1,12,36,1,1,0,0,1,123,0.342662274165079,4.966751816622913,4.1526846257038414
HH091,produce,HH091_produce,16,39,32,15,38,27,39,23,1,0,0,0,0,0,NA,NA,NA
HH092,compost,HH092_compost,25,32,28,14,22,10,14,44,1,1,0,0,1,184,0.3760964828561991,5.111288557067513,4.407735519483685
HH092,effluent,HH092_effluent,22,39,20,22,2,39,26,9,1,1,0,0,0,0,0.32309303169511255,4.935434950195253,4.303028564807027
HH092,produce,HH092_produce,47,44,48,35,27,48,48,28,0,1,0,0,0,0,NA,NA,NA
HH093,compost,HH093_compost,10,14,30,18,35,26,17,35,1,1,0,0,0,0,0.37887252793833615,5.117678279466927,4.699954741215566
HH093,effluent,HH093_effluent,1,9,9,36,47,27,48,41,1,1,0,0,1,161,0.4193409607391804,4.969045133776962,3.539625125611201
HH093,produce,HH093_produce,33,41,17,14,42,30,6,40,1,0,0,0,0,0,NA,NA,NA
HH094,compost,HH094_compost,49,0,26,26,39,32,31,26,1,0,0,0,0,0,0.3576766793942079,4.982466175317764,4.010296392017976
HH094,effluent,HH094_effluent,4,9,25,16,1,15,49,21,1,1,1,0,1,163,0.3714261695267632,5.002288930885493,3.437448850600049
HH094,produce,HH094_produce,16,20,47,42,40,43,1,43,0,0,0,0,0,0,NA,NA,NA
HH095,compost,HH095_compost,44,42,33,34,49,24,34,42,1,1,0,0,0,0,0.31237512701097875,4.973666393220425,4.252985988846282
HH095,effluent,HH095_effluent,22,39,16,43,39,2,25,18,1,0,0,0,0,0,0.38827364973537626,5.081192692123354,3.1295083280885594
HH095,produce,HH095_produce,21,14,35,20,21,39,1,26,1,0,0,0,0,0,NA,NA,NA
HH096,compost,HH096_compost,34,22,9,1,3,39,6,8,1,0,0,0,0,0,0.41560860377456993,5.009039715506137,5.046877939319937
HH096,effluent,HH096_effluent,7,6,24,2,27,48,32,30,1,0,0,0,0,0,0.42271751776710154,5.001608445361256,3.015192658430897
HH096,produce,HH096_produce,10,43,42,4,18,9,40,47,0,0,0,0,1,59,NA,NA,NA
HH097,compost,HH097_compost,32,19,29,43,8,7,17,45,1,0,0,0,0,0,0.35622484183870257,4.950733052283526,4.122557112179696
HH097,effluent,HH097_effluent,30,9,44,15,44,32,12,9,1,1,1,0,0,0,0.3399919009264558,5.016261435888707,3.3163669984089212
HH097,produce,HH097_produce,31,22,0,44,16,26,28,8,1,1,0,0,0,0,NA,NA,NA
HH098,compost,HH098_compost,42,39,45,31,21,38,45,45,1,0,0,0,0,0,0.37716156071610746,5.104549552120268,3.867281886443729
HH098,effluent,HH098_effluent,26,45,25,29,28,38,20,0,1,1,0,1,0,0,0.3011456932276487,5.101986200101674,4.449406092683784
HH098,produce,HH098_produce,4,6,4,43,8,24,0,21,1,1,0,0,0,0,NA,NA,NA
HH099,compost,HH099_compost,6,13,12,38,40,38,46,8,1,1,0,0,1,143,0.38883807555865496,4.9659941040202975,4.9277009157901634
HH099,effluent,HH099_effluent,45,21,49,3,13,1,14,28,1,1,0,0,0,0,0.3810654673138633,5.03050743278861,4.272203667275607
HH099,produce,HH099_produce,46,7,48,47,1,7,19,18,0,0,0,0,0,0,NA,NA,NA
HH100,compost,HH100_compost,1,16,11,48,32,31,6,18,1,1,1,0,0,0,0.3029089062195271,5.099544337689877,3.930736994442763
HH100,effluent,HH100_effluent,5,45,31,9,33,48,20,7,1,1,0,0,0,0,0.3952330919792876,4.960462682515383,2.968538397317752
HH100,produce,HH100_produce,11,31,26,26,38,43,3,2,0,1,0,0,0,0,NA,NA,NA
HH101,compost,HH101_compost,26,36,19,43,1,24,31,17,1,0,0,0,0,0,0.3617669235821813,4.969625793345273,4.81088722267095
HH101,effluent,HH101_effluent,48,47,36,11,38,32,29,24,1,1,1,0,0,0,0.4019122804254293,4.941540895499289,4.306506308005192
HH101,produce,HH101_produce,15,35,32,37,49,36,20,22,0,0,0,0,0,0,NA,NA,NA
HH102,compost,HH102_compost,21,5,16,32,44,29,7,37,1,1,1,0,0,0,0.32481600480712947,4.931282686121762,4.125728139520157
HH102,effluent,HH102_effluent,16,13,37,8,43,25,31,0,1,1,1,0,1,69,0.3079927187561989,5.120808186404407,4.069027500879019
HH102,produce,HH102_produce,44,42,25,18,49,32,12,4,1,0,0,0,0,0,NA,NA,NA
HH103,compost,HH103_compost,41,47,30,14,20,38,29,31,1,1,0,0,0,0,0.4107239532684907,4.997910521887243,4.7851960750466676
HH103,effluent,HH103_effluent,32,19,41,12,48,31,8,3,1,1,0,0,0,0,0.3387717709578574,4.939984533943235,3.982445942540653
HH103,produce,HH103_produce,2,48,19,25,8,8,48,29,1,0,0,0,0,0,NA,NA,NA
HH104,compost,HH104_compost,8,39,15,25,37,41,31,28,0,1,0,0,1,207,0.3781523045282811,5.045680468283593,4.792962813931983
HH104,effluent,HH104_effluent,48,14,13,9,24,1,12,19,1,1,0,0,1,33,0.3872509380467236,4.914765982002019,4.035486774286255
HH104,produce,HH104_produce,26,43,36,6,21,25,28,14,1,1,0,0,0,0,NA,NA,NA
HH105,compost,HH105_compost,6,33,23,34,0,24,5,48,1,1,0,0,0,0,0.35182340620923785,4.975977990739048,4.313414369836682
HH105,effluent,HH105_effluent,13,4,13,32,19,10,38,18,1,1,0,0,0,0,0.3336352631011978,4.963082854144275,3.5809423201717436
HH105,produce,HH105_produce,47,47,4,46,7,15,48,41,1,0,0,0,0,0,NA,NA,NA
HH106,compost,HH106_compost,29,32,5,14,13,13,7,5,1,0,0,0,0,0,0.3731481178048998,4.922904243044555,4.564172479924746
HH106,effluent,HH106_effluent,41,23,16,32,6,36,9,26,1,1,1,0,0,0,0.39536127347312866,4.981238929115236,4.475983198150061
HH106,produce,HH106_produce,44,34,43,25,7,39,4,15,0,0,0,0,0,0,NA,NA,NA
HH107,compost,HH107_compost,6,34,26,19,39,4,0,11,1,1,0,0,0,0,0.3261079875342548,5.012456610664725,5.076914404201787
HH107,effluent,HH107_effluent,14,44,36,11,13,25,21,42,1,1,0,0,0,0,0.37706334616523235,4.9571424459964035,4.546750293252989
HH107,produce,HH107_produce,43,22,40,32,7,38,21,43,1,1,0,0,0,0,NA,NA,NA
HH108,compost,HH108_compost,38,43,2,0,1,34,34,12,1,1,0,0,0,0,0.31818127772957083,5.071718599177897,4.065807773452951
HH108,effluent,HH108_effluent,24,17,22,22,1,22,41,15,1,1,0,0,1,135,0.31591293209511784,5.016675412110985,4.207360009010881
HH108,produce,HH108_produce,22,33,5,17,45,15,43,32,1,0,0,0,1,134,NA,NA,NA
HH109,compost,HH109_compost,34,26,4,48,2,38,25,16,1,0,0,0,1,67,0.33447802473511545,4.915456457220018,4.1892928991911464
HH109,effluent,HH109_effluent,5,41,35,45,8,44,32,8,1,1,0,0,1,154,0.4039098167456686,4.904422687336802,3.115584806865081
HH109,produce,HH109_produce,48,41,37,21,43,39,9,6,1,0,0,0,0,0,NA,NA,NA
HH110,compost,HH110_compost,44,10,20,39,45,18,8,45,1,1,0,0,1,129,0.32752093342784794,4.916855736680328,4.6214646367349195
HH110,effluent,HH110_effluent,45,18,24,15,41,43,36,44,1,1,0,0,1,91,0.377525843154639,4.921064210891723,4.115521661937237
HH110,produce,HH110_produce,10,6,48,1,26,47,49,10,1,0,0,0,0,0,NA,NA,NA
HH111,compost,HH111_compost,4,19,20,10,35,42,49,46,1,1,0,1,0,0,0.3930210369704291,5.080585290819407,3.9147828203034587
HH111,effluent,HH111_effluent,45,20,44,17,1,41,29,44,1,1,0,0,1,171,0.36084418012667446,5.1213447543010115,3.821653521619737
HH111,produce,HH111_produce,7,24,5,40,33,42,1,46,0,0,0,0,0,0,NA,NA,NA
HH112,compost,HH112_compost,40,20,36,20,11,42,39,31,1,0,0,0,1,128,0.30693583298474547,5.059818310171366,4.918300905189011
HH112,effluent,HH112_effluent,4,22,29,15,49,9,25,41,1,1,0,0,0,0,0.4154861499695107,5.118170359738171,3.5866987025365233
HH112,produce,HH112_produce,33,4,37,21,41,26,26,17,1,0,0,0,0,0,NA,NA,NA
HH113,compost,HH113_compost,35,7,34,17,13,12,46,47,1,1,1,1,1,116,0.3328325644833967,5.061843760035932,4.832381456346019
HH113,effluent,HH113_effluent,23,32,20,31,21,7,27,4,1,1,0,0,1,82,0.3226015256159007,5.067428320638835,3.109316741582006
HH113,produce,HH113_produce,40,45,42,14,10,37,20,9,1,0,0,0,0,0,NA,NA,NA
HH114,compost,HH114_compost,18,30,27,33,17,0,21,29,1,1,0,1,1,38,0.398768372871913,5.03103978355974,4.352575621261261
HH114,effluent,HH114_effluent,11,19,36,6,26,29,9,23,1,1,0,0,1,135,0.3187469912860542,4.975967497862875,4.017255897214636
HH114,produce,HH114_produce,6,43,34,46,29,42,16,46,0,0,0,0,0,0,NA,NA,NA
HH115,compost,HH115_compost,8,37,21,2,20,19,17,38,1,1,0,0,0,0,0.39458276791591196,5.1166744599193335,4.421364978684112
HH115,effluent,HH115_effluent,39,7,26,15,1,28,18,47,1,1,0,0,0,0,0.4149704521289095,5.0158897711113095,3.829443503404036
HH115,produce,HH115_produce,28,41,29,32,1,15,18,23,0,0,0,0,0,0,NA,NA,NA
HH116,compost,HH116_compost,7,17,17,36,24,39,46,7,1,0,0,0,0,0,0.31651572467666117,5.0631738235428925,4.175423125799978
HH116,effluent,HH116_effluent,7,39,38,39,1,41,11,37,1,1,0,0,0,0,0.31409253806713966,5.036927181951701,4.229870453942567
HH116,produce,HH116_produce,14,9,41,5,23,1,47,25,0,0,0,0,0,0,NA,NA,NA
HH117,compost,HH117_compost,7,5,19,9,6,13,14,41,1,1,0,0,0,0,0.397564698160626,5.004914133504033,5.0699003526030575
HH117,effluent,HH117_effluent,33,29,1,9,6,30,16,22,1,1,0,0,1,183,0.36310794251877815,4.9215255614668125,3.1933609053259717
HH117,produce,HH117_produce,0,22,24,12,4,2,39,12,1,1,0,0,0,0,NA,NA,NA
HH118,compost,HH118_compost,8,26,27,24,10,23,12,13,1,1,0,0,1,29,0.33507958853803577,5.101733392193913,4.725665225732373
HH118,effluent,HH118_effluent,43,8,19,33,40,6,14,44,1,1,1,0,0,0,0.3594841585000977,4.909830546163023,3.889245592197403
HH118,produce,HH118_produce,12,25,18,10,23,17,34,33,1,1,1,0,0,0,NA,NA,NA
HH119,compost,HH119_compost,22,8,6,43,29,47,9,26,1,0,0,0,0,0,0.35004746861290187,4.988537037730217,4.699248923447216
HH119,effluent,HH119_effluent,41,42,10,22,0,19,39,47,1,1,1,0,0,0,0.31252906695101407,4.920605352967978,3.721838139882311
HH119,produce,HH119_produce,17,26,23,5,35,37,45,12,0,1,0,0,0,0,NA,NA,NA
HH120,compost,HH120_compost,5,1,14,15,5,19,29,25,1,1,0,0,0,0,0.3423281463310122,5.0287356897071005,3.9756731243105605
HH120,effluent,HH120_effluent,30,36,42,37,26,17,0,35,1,1,0,0,1,106,0.30838298702891914,4.938524368420243,2.9113936551613735
HH120,produce,HH120_produce,25,19,25,26,13,48,1,1,1,0,0,0,0,0,NA,NA,NA
HH121,compost,HH121_compost,13,40,24,33,44,2,40,38,0,1,0,0,1,195,0.35572442108765245,4.968568757772445,4.749322169896216
HH121,effluent,HH121_effluent,17,15,36,28,1,43,10,23,1,1,0,0,1,226,0.3908813909487799,4.962474850460887,3.308300704951398
HH121,produce,HH121_produce,11,38,5,41,16,38,1,42,0,1,0,0,0,0,NA,NA,NA
HH122,compost,HH122_compost,15,11,42,25,30,40,28,46,1,1,0,0,0,0,0.34050852864421904,4.9536360610350965,4.764508241881151
HH122,effluent,HH122_effluent,36,24,3,30,37,27,13,2,1,1,1,0,0,0,0.3614132198244333,4.99685597421974,2.9584491331828757
HH122,produce,HH122_produce,44,45,8,4,30,18,39,34,0,1,0,0,0,0,NA,NA,NA
HH123,compost,HH123_compost,4,40,27,48,23,45,38,44,1,1,0,0,1,57,0.37310843519307674,5.042841951005161,4.477172988789855
HH123,effluent,HH123_effluent,48,46,9,10,0,13,25,16,1,1,0,0,0,0,0.415850313777104,4.901106961101293,4.275744982250035
HH123,produce,HH123_produce,9,26,34,2,27,2,28,8,1,0,0,0,0,0,NA,NA,NA
HH124,compost,HH124_compost,25,24,20,37,31,0,34,21,1,1,0,0,0,0,0.3283799884393811,4.901925337955356,4.000726207684958
HH124,effluent,HH124_effluent,37,0,7,42,16,2,1,26,1,1,0,0,1,86,0.31304047713056204,5.063835323788226,3.428617326100357
HH124,produce,HH124_produce,14,14,3,47,41,47,35,37,1,1,0,0,0,0,NA,NA,NA
HH125,compost,HH125_compost,7,1,1,17,40,14,28,17,0,1,0,0,0,0,0.3034878344368189,4.931099636465311,4.905016340391943
HH125,effluent,HH125_effluent,46,29,25,32,22,37,10,40,1,1,0,0,1,25,0.36715310062747447,5.068330246217549,4.129334711609408
HH125,produce,HH125_produce,17,2,3,24,16,26,49,1,1,0,0,0,0,0,NA,NA,NA
HH126,compost,HH126_compost,43,9,16,27,41,8,49,38,1,0,0,0,1,91,0.42466160584054885,5.011635408572853,4.647056426198687
HH126,effluent,HH126_effluent,21,37,14,31,36,22,31,42,1,1,1,0,1,244,0.3854011898916215,5.028568547457456,2.910741223045625
HH126,produce,HH126_produce,42,40,42,5,40,37,49,26,1,0,0,0,0,0,NA,NA,NA
HH127,compost,HH127_compost,43,1,11,34,23,44,9,16,1,0,0,0,0,0,0.332704474135302,4.9541855255886915,5.057359091449994
HH127,effluent,HH127_effluent,38,13,32,45,46,10,14,20,1,1,0,0,1,210,0.4196204966595396,4.92772232311219,2.9854826333466917
HH127,produce,HH127_produce,16,4,43,9,48,37,47,48,1,0,0,0,0,0,NA,NA,NA
HH128,compost,HH128_compost,10,5,25,10,5,35,41,40,1,0,1,0,0,0,0.3958080482399091,5.047777429506183,4.163561811720487
HH128,effluent,HH128_effluent,22,40,35,32,36,12,26,24,1,1,0,0,1,223,0.3558714693468064,4.9095909880474204,2.895406732638367
HH128,produce,HH128_produce,8,7,34,0,2,22,17,31,1,1,0,0,0,0,NA,NA,NA
HH129,compost,HH129_compost,14,10,47,19,20,13,49,48,1,1,0,0,1,126,0.3418967480566353,4.983512966424227,4.174039975741413
HH129,effluent,HH129_effluent,3,29,21,4,26,48,18,7,1,1,0,0,0,0,0.30586422135774044,5.0722295901477334,4.221921032317914
HH129,produce,HH129_produce,49,44,28,36,46,30,26,29,0,1,0,0,0,0,NA,NA,NA
HH130,compost,HH130_compost,28,1,16,46,24,29,17,21,1,1,0,1,0,0,0.41184947392344473,5.02883757955581,4.480025379574392
HH130,effluent,HH130_effluent,37,23,6,11,13,13,24,2,1,1,0,1,1,35,0.3537439392423257,4.9040969169363375,3.404968375968747
HH130,produce,HH130_produce,34,16,9,25,0,27,41,17,1,0,0,0,0,0,NA,NA,NA
HH131,compost,HH131_compost,12,37,21,2,4,1,36,24,1,0,0,0,0,0,0.40960324165597556,4.987525083087385,4.05710901564546
HH131,effluent,HH131_effluent,13,12,41,0,25,16,4,28,1,0,0,0,0,0,0.34058885426167396,4.989575573943555,4.224211826082319
HH131,produce,HH131_produce,40,38,40,11,27,8,37,0,1,0,0,0,0,0,NA,NA,NA
HH132,compost,HH132_compost,39,42,25,13,21,29,47,17,1,1,0,0,0,0,0.30743000480998306,4.953275463610887,4.3992071443141905
HH132,effluent,HH132_effluent,30,33,4,9,20,11,19,27,1,1,0,0,0,0,0.31608088760636743,5.102904741600156,3.098910045647062
HH132,produce,HH132_produce,30,15,21,35,19,22,7,32,1,1,0,0,1,77,NA,NA,NA
HH133,compost,HH133_compost,26,27,8,18,39,39,49,1,1,1,1,0,1,123,0.3084900805959478,5.059277411088347,4.1778037533375905
HH133,effluent,HH133_effluent,17,34,20,29,27,1,47,7,1,1,0,0,1,68,0.30183765576872973,5.124302788302303,4.404982804669999
HH133,produce,HH133_produce,14,29,40,17,46,39,21,9,0,0,0,0,0,0,NA,NA,NA
HH134,compost,HH134_compost,32,16,5,28,31,4,26,12,1,1,0,1,1,249,0.3555875676982105,5.097980490095914,3.9632385712068063
HH134,effluent,HH134_effluent,33,19,14,39,49,29,0,47,1,1,0,1,0,0,0.37393184878211466,5.089142316348851,3.9535196317359804
HH134,produce,HH134_produce,47,22,4,33,35,35,40,38,1,0,0,0,0,0,NA,NA,NA
HH135,compost,HH135_compost,16,20,35,3,22,20,19,29,0,1,0,0,1,85,0.38028475032467396,5.00415769893676,3.8929647953512614
HH135,effluent,HH135_effluent,25,47,19,17,27,25,10,35,1,1,0,1,1,147,0.3116798659870401,5.0554029651433225,3.826966444030404
HH135,produce,HH135_produce,6,19,5,36,37,28,35,22,1,1,0,0,0,0,NA,NA,NA
HH136,compost,HH136_compost,2,43,35,48,34,5,4,20,0,1,0,1,0,0,0.40732681352738287,4.987947079665958,5.050108400304336
HH136,effluent,HH136_effluent,16,15,22,35,33,0,4,29,1,0,1,0,1,227,0.41440955307148397,5.06917403639108,3.7047290524700656
HH136,produce,HH136_produce,39,6,18,38,24,5,42,30,1,0,0,0,0,0,NA,NA,NA
HH137,compost,HH137_compost,2,21,30,38,10,38,11,0,1,1,0,0,1,242,0.3053491895999759,4.995526097737253,4.6441665348098615
HH137,effluent,HH137_effluent,10,29,1,21,32,6,32,1,1,1,0,0,1,130,0.38510428119357676,4.951221262775362,3.537025161436759
HH137,produce,HH137_produce,34,40,33,13,26,28,30,19,1,1,0,0,0,0,NA,NA,NA
HH138,compost,HH138_compost,44,30,0,28,27,27,43,5,1,0,0,0,0,0,0.3117423929506913,4.962928214631974,3.887929718443658
HH138,effluent,HH138_effluent,28,5,0,15,6,35,26,18,1,1,1,0,0,0,0.3834885332426056,5.120817718967795,3.2045717707136645
HH138,produce,HH138_produce,38,39,8,6,32,11,22,31,1,0,0,0,0,0,NA,NA,NA
HH139,compost,HH139_compost,25,16,37,46,4,24,13,38,1,0,0,0,0,0,0.37388193437457085,4.904434119038283,5.030199310580734
HH139,effluent,HH139_effluent,37,44,30,5,49,37,20,21,1,1,1,0,1,4,0.36020107043534516,5.0805619305446745,3.3865815730765463
HH139,produce,HH139_produce,49,27,17,16,2,46,8,48,1,0,0,0,0,0,NA,NA,NA
HH140,compost,HH140_compost,33,35,30,47,37,8,26,40,1,1,1,0,1,209,0.41819683512113986,4.914181778669357,4.0560890397275795
HH140,effluent,HH140_effluent,24,0,0,35,39,5,30,36,1,1,0,0,0,0,0.36894216915871947,5.080260334648192,3.913141855224967
HH140,produce,HH140_produce,31,18,31,5,35,28,11,1,1,0,1,0,0,0,NA,NA,NA
