household_id,sample_type,soil_moisture,esbl_ec_cfu,log_adj_esbl_ecoli,esbl_ecoli_detect,log_adj_tc_mpn,log_adj_ec_mpn,log_adj_ar_tc_mpn,log_adj_ar_ec_mpn,tc_detect,ec_detect,ar_tc_detect,ar_ec_detect
HH001,compost,30.15879029652244,0,0.5538282555948689,0,2.9135119928312205,2.0733937564753777,2.9036883377872003,2.7595197091743744,1,1,1,1
HH001,effluent,69.49950025734546,245,3.6038291334947754,1,3.1970699779940377,3.026238055000836,3.1422387038213535,2.421488925162093,1,1,1,1
HH001,produce,0,0,0.6989700043360187,0,2.7774268223893115,2.0521165505499983,1.685293781386784,2.3104808914626753,1,1,1,1
HH002,compost,6.380556728487222,0,0.42657395450002067,0,2.6001680932546534,2.772026105875845,2.48938148767218,2.1255439588360394,1,1,1,1
HH002,effluent,67.35403249152283,0,0.8841104646221541,0,2.97521440871244,3.11933580963402,2.6187503036098536,2.9781621201321187,1,1,1,1
HH002,produce,0,0,0.6989700043360187,0,2.3042750504771283,2.917216584004321,2.1715802019320636,2.6194064108867776,1,1,1,1
HH003,compost,15.338836029455633,245,3.1604518535903234,1,3.1973739160618457,2.1960041065573583,2.4248841510690813,2.612958019299426,1,1,1,1
HH003,effluent,55.311283674430086,0,0.7477421288545607,0,3.0370634664260296,2.876593552201344,2.8839551943675854,2.8527069743823836,1,1,1,1
HH003,produce,0,0,0.6989700043360187,0,2.527178618803964,2.6578681990467903,2.7051792448736762,2.5984622004741507,1,1,1,1
HH004,compost,-1.5128406102938938,0,0.39141902796486816,0,2.179162799611335,3.1717507443265727,2.8498453429520785,1.92948981500804,1,1,1,1
HH004,effluent,65.94472291752432,0,0.8657555905076552,0,2.1667855861716365,2.558073634766934,2.902464312077541,3.0543466271016455,1,1,1,1
HH004,produce,0,0,0.6989700043360187,0,1.94423584379348,2.574494268285328,2.449324093098727,2.339352049045587,1,1,1,1
HH005,compost,4.265780387101248,59,2.4887548145369323,1,2.5143383617049624,2.5752352993260565,2.4022094489664196,2.414171799640321,1,1,1,1
HH005,effluent,21.765219070990348,246,3.1965052406380408,1,2.4303677124954226,2.3757626946303874,2.9520702621803165,2.8800574385203515,1,1,1,1
HH005,produce,0,0,0.6989700043360187,0,2.2384224958854797,2.6704777860472753,2.466348528450199,2.626186334927284,1,1,1,1
HH006,compost,-2.9165133150434954,0,0.38545494424767035,0,3.2883168667644505,2.1299044016944686,2.590659308195815,2.656924802863416,1,1,1,1
HH006,effluent,59.10929911709677,0,0.7863154540734698,0,2.735998144868674,3.374318095194825,2.1369510623324244,2.878965932430265,1,1,1,1
HH006,produce,0,0,0.6989700043360187,0,2.849327262334538,2.670385027721014,2.6028193424326997,2.8543060418010806,1,1,1,1
HH007,compost,15.362911600945548,0,0.47037929389082556,0,2.9781812126103895,2.998163812154851,2.519286995374597,2.5022722816013006,1,1,1,1
HH007,effluent,70.76703789455378,0,0.9320671850740031,0,3.0704962050800066,3.012332812413848,3.255814160789014,2.960394383541572,1,1,1,1
HH007,produce,0,0,0.6989700043360187,0,2.2434101416537113,2.226342087163631,2.8137810781740824,2.9184497424011577,1,1,1,1
HH008,compost,28.798285179840498,215,3.1789180109523443,1,2.9539947766882038,2.7117612360323493,2.5896756324854406,2.838591038823689,1,1,1,1
HH008,effluent,47.48006616179371,194,3.2664475639493364,1,3.457947554716834,3.1409712232097875,3.105685807474192,2.637038860298235,1,1,1,1
HH008,produce,0,0,0.6989700043360187,0,2.4671639659690903,2.413467412985825,2.5363690286780414,2.1670217957902564,1,1,1,1
HH009,compost,4.433391562661582,202,3.024015200174066,1,2.7734300485664334,2.7581969183968322,2.1267341166146276,2.528358189444366,1,1,1,1
HH009,effluent,81.12435009630234,0,1.1220380950076028,0,3.136894515052109,3.0521717408487206,3.4736798212011246,3.3022786959633432,1,1,1,1
HH009,produce,0,0,0.6989700043360187,0,2.813247300897605,2.9160062629636454,2.413634997198556,2.7255441224863532,1,1,1,1
HH010,compost,24.901356382313182,103,2.83617513590751,1,3.742259001293674,2.6412336683641335,2.6806704076336065,2.4146251762608375,1,1,1,1
HH010,effluent,23.084843944365588,0,0.511928083138751,0,0.511928083138751,2.871118282294562,2.956722093414983,2.4654944973957575,0,1,1,1
HH010,produce,0,0,0.6989700043360187,0,2.2595938788859486,2.2065560440990293,2.2198463860243605,2.9680624600764496,1,1,1,1
HH011,compost,18.002555952551486,43,2.4186381447683454,1,2.163930864505132,2.523870989623469,2.1194223315229896,2.441651204979258,1,1,1,1
HH011,effluent,28.349618145031286,9,1.7979940044981717,1,0.5427214993948657,2.5604224706189824,2.9815801588154276,2.946767985387162,0,1,1,1
HH011,produce,0,0,0.6989700043360187,0,2.7584198168439795,2.3042750504771283,3.1579853366378483,2.7830097850039723,1,1,1,1
HH012,compost,7.202137837095919,0,0.43040203742675864,0,2.9167474910943962,2.520660090358075,2.8627619271335494,2.6567441245903893,1,1,1,1
HH012,effluent,73.96838577788604,0,0.9824389090983301,0,3.1692822794228,3.2798492179957215,2.6910297542486736,3.53318077163697,1,1,1,1
HH012,produce,0,0,0.6989700043360187,0,2.7607239721419514,2.9492679966758835,2.728272597895017,2.474653253362063,1,1,1,1
HH013,compost,14.592050154282774,186,3.036984651478072,1,2.7489731954084022,2.7757737314721567,2.737167118378629,2.8942522842721647,1,1,1,1
HH013,effluent,31.937902042528382,97,2.8528364068705274,1,2.5750800895764,2.855202896820072,2.617343776587625,3.0743178656769676,1,1,1,1
HH013,produce,0,0,0.6989700043360187,0,2.5125509929042105,2.0970836960665213,2.5350408132511606,2.773457309321709,1,1,1,1
HH014,compost,19.221139632995378,78,2.683766885201846,1,2.752808499898591,2.4610821497991484,2.2912219084165146,2.9984442055669485,1,1,1,1
HH014,effluent,86.11123328013672,213,3.884685924350851,1,3.6533205520901464,3.485367444996879,3.1405244330295186,3.6007284766239565,1,1,1,1
HH014,produce,0,102,3.0086001717619175,1,2.625723909525756,2.4727564493172123,2.743235304251338,2.550411819008074,1,1,1,1
HH015,compost,1.303693486244842,0,0.4036391081879015,0,2.4744893616154746,3.2153749340869586,2.258673424863786,2.150584517803006,1,1,1,1
HH015,effluent,10.162637190817788,0,0.4444830140187055,0,2.4682291771711817,2.865988226379212,2.3397950384944926,2.4450906010815956,1,1,1,1
HH015,produce,0,0,0.6989700043360187,0,1.4082399653118496,2.9043097257675417,2.9838517189914717,2.4833019523581674,1,1,1,1
HH016,compost,27.435489194627436,0,0.5372157368665249,0,2.904981527881435,2.8613746785410017,3.2643338793665606,2.742690773607416,1,1,1,1
HH016,effluent,30.284075381550597,8,1.7587279996864789,1,2.419711991671682,2.8205102213323103,2.694109291766464,2.7392994478481527,1,1,1,1
HH016,produce,0,192,3.2833012287035497,1,2.449324093098727,2.857935264719429,2.606435111101875,2.5715341474266706,1,1,1,1
HH017,compost,32.11160568155794,4,1.4692344587068813,1,2.6803549999649308,2.5259487882232756,2.8867061519101744,2.524517204193545,1,1,1,1
HH017,effluent,25.702343699970378,0,0.5269648944002672,0,1.987862737156815,2.4148071595076246,2.2412946541455003,2.6689787273846264,1,1,1,1
HH017,produce,0,0,0.6989700043360187,0,2.8305886686851442,0.3979400086720376,2.8302357011160506,2.225050696138049,1,0,1,1
HH018,compost,26.887004446878464,0,0.5339454306828533,0,0.5339454306828533,2.7250050125102514,3.4758244170254016,3.460781580827273,0,1,1,1
HH018,effluent,82.44160182202364,87,3.3940043635051076,1,3.605180162029203,3.677071534276879,3.2631686200154584,3.1144013109563393,1,1,1,1
HH018,produce,0,0,0.6989700043360187,0,2.543385044809843,2.1174370252826193,2.7033343754437698,2.9070618496117135,1,1,1,1
HH019,compost,17.08185851022091,66,2.5998643805344406,1,2.8911121057636784,2.7803204449925722,1.6400590111897189,3.339376791710642,1,1,1,1
HH019,effluent,69.16082496282986,0,0.9088372567249204,0,2.9365944614154738,3.161544689732202,3.2454970801793404,3.3711154327216395,1,1,1,1
HH019,produce,0,0,0.6989700043360187,0,2.3848012789620823,2.8924563640457617,2.6712191402986143,2.3790334318179673,1,1,1,1
HH020,compost,34.76903294804543,110,2.9259088724892415,1,2.8335156413579696,2.8301324665577487,2.874277375049795,2.7286204180285303,1,1,1,1
HH020,effluent,69.32663337951531,0,0.911178563160435,0,2.9862873595769353,3.263901200622453,2.9641032468681634,3.214936031514246,1,1,1,1
HH020,produce,0,0,0.6989700043360187,0,2.3705130895985924,2.4680517914542377,2.474653253362063,2.6048737705526355,1,1,1,1
HH021,compost,3.69479421055657,0,0.41429024507270573,0,2.5635709554137294,2.5395762783663693,2.3442198051572936,2.543141668419489,1,1,1,1
HH021,effluent,23.86861672413503,0,0.5163762878552478,0,2.68066964716971,2.5494782245190954,3.053338537505524,3.1680225204950605,1,1,1,1
HH021,produce,0,0,0.6989700043360187,0,2.9375429660326478,2.425126470508774,2.713742478409083,2.4411450475596963,1,1,1,1
HH022,compost,17.62213290512314,0,0.482129465539587,0,2.567491409225717,1.7572103639964456,2.5883883754069945,0.482129465539587,1,1,1,0
HH022,effluent,14.350701768093899,0,0.4652161997506523,0,3.0165441877544983,2.264556749204234,2.9467161570738316,3.129764161997199,1,1,1,1
HH022,produce,0,237,3.374748346010104,1,2.3241795297178998,2.611564002088125,2.7500453120117676,0.6946051989335686,1,1,1,1
HH023,compost,24.352694368903897,112,2.8693945628609514,1,2.000875741486805,2.8941513600574287,2.542645926074801,2.3390851138821844,1,1,1,1
HH023,effluent,15.376105362356206,30,2.248598250105843,1,2.531673224841314,2.7682950172656957,2.653773796323832,2.7631460027661285,1,1,1,1
HH023,produce,0,0,0.6989700043360187,0,2.852144383707553,3.182428919430232,1.8627275283179747,2.4241463057551558,1,1,1,1
HH024,compost,26.177368004428292,0,0.529750483651248,0,2.1097625961806723,2.7842018789962646,2.8729226623801853,2.6852079851030903,1,1,1,1
HH024,effluent,28.524009780328807,0,0.5437798279374271,0,2.4204594383566276,2.6942906608453945,2.573244774575663,2.9217413981570637,1,1,1,1
HH024,produce,0,0,0.6989700043360187,0,2.4125445421080887,1.8839451950342798,3.10969663735021,2.9193396367874134,1,1,1,1
HH025,compost,4.6516313293180955,140,2.865784772977085,1,2.6049048450802332,2.1029333877064973,2.5372882044893625,1.8960374295421176,1,1,1,1
HH025,effluent,66.8073513440577,0,0.8768980997173601,0,3.5882665962920717,2.832970436712543,3.34338016821327,2.887198056357172,1,1,1,1
HH025,produce,0,0,0.6989700043360187,0,2.6465017500316117,3.2769670381470917,2.887279634530023,2.3626709297256667,1,1,1,1
HH026,compost,5.6503410630023065,36,2.280532170523369,1,2.7040056024857675,2.7858329193644575,2.6430984131370665,2.724229669756082,1,1,1,1
HH026,effluent,37.43708213965507,27,2.3340167729909176,1,2.862076030775035,3.438731442328903,3.182274331315986,2.6120925829643413,1,1,1,1
HH026,produce,0,0,0.6989700043360187,0,2.6007551496396184,2.486642969023512,2.2290415731733972,2.7748817658187965,1,1,1,1
HH027,compost,-1.8263310073687251,0,0.3900799130627609,0,1.9615558167447045,2.631078199278078,2.0793887721863813,3.0680881290347584,1,1,1,1
HH027,effluent,19.250669129023905,0,0.4908010764335632,0,2.987786045121069,2.638601025634763,3.057073540731345,2.884516635035035,1,1,1,1
HH027,produce,0,0,0.6989700043360187,0,1.7407573233077707,2.9914918889101596,2.0251009610468134,2.6708486213622846,1,1,1,1
HH028,compost,9.576681156166247,0,0.44165956559429254,0,2.2152997588543184,2.4630969620613823,2.099670962251405,1.4595272845577982,1,1,1,1
HH028,effluent,46.73886612846813,0,0.671529600814182,0,3.0646483357339696,2.420027727427919,2.574076380128173,3.3495378167861793,1,1,1,1
HH028,produce,0,0,0.6989700043360187,0,2.604657972047871,3.3729856059669614,2.4761067168401913,2.359076226059263,1,1,1,1
HH029,compost,4.306347146312104,0,0.4170568757231399,0,2.7085589249127406,2.5475836211073037,2.6025990305775153,1.9591350220587653,1,1,1,1
HH029,effluent,59.72469853454649,110,3.1353238896446283,1,2.5176684544687324,2.9821106984047283,2.991723186425628,3.232581199338048,1,1,1,1
HH029,produce,0,0,0.6989700043360187,0,2.8305886686851442,3.0518661090293295,2.7506626461340558,2.200440076436431,1,1,1,1
HH030,compost,21.436819123491794,0,0.5027209497644676,0,2.6324108419637686,2.393253741692212,2.7207835675908423,2.6718073072514903,1,1,1,1
HH030,effluent,26.386705933332372,183,3.094464841978499,1,2.6914522877031257,3.0401055975237643,2.8935039288728848,1.9469581679606542,1,1,1,1
HH030,produce,0,0,0.6989700043360187,0,2.7826875682349668,2.0653929615619915,2.692582562274909,2.6555705925491955,1,1,1,1
HH031,compost,17.088418411567808,0,0.4793248090188248,0,1.9402226517753727,2.83783072050906,2.6169320795234547,2.1543695449747178,1,1,1,1
HH031,effluent,19.189895899379366,0,0.4904743424420559,0,2.6071484872380024,3.090902668174187,2.4801910623901606,3.0640884872160794,1,1,1,1
HH031,produce,0,0,0.6989700043360187,0,1.7446840632768863,2.4730488050885375,3.406489083959762,2.8798124189827012,1,1,1,1
HH032,compost,16.99888623380029,0,0.4788560885939237,0,2.861377412783604,2.6378815798188286,2.960356045917103,2.7516720221370194,1,1,1,1
HH032,effluent,55.68554237860188,0,0.7513945704660953,0,2.605700612267176,2.8206185277631484,2.986619915477961,2.4311857414464497,1,1,1,1
HH032,produce,0,0,0.6989700043360187,0,2.7331571251294715,2.489677291663699,2.491011315048101,2.4018311749089483,1,1,1,1
HH033,compost,1.870947920529418,0,0.4061424050647684,0,2.310316773348932,2.8450010644853303,2.506099139305951,2.6077033831815055,1,1,1,1
HH033,effluent,22.636679738279646,113,2.863513347390821,1,2.8800290090849563,3.0229953618785452,1.880842225647521,2.310534095823124,1,1,1,1
HH033,produce,0,0,0.6989700043360187,0,2.1705550585212086,3.097639015546839,3.63866892784539,2.3327413504185746,1,1,1,1
HH034,compost,27.18149073306989,0,0.5356982248152982,0,2.807632718633063,3.0876602906793926,2.7409025887634426,3.2484489134170147,1,1,1,1
HH034,effluent,22.825035285863553,0,0.5104635690855669,0,2.213754947204228,2.689382990121032,2.693391538322559,3.0308422820631264,1,1,1,1
HH034,produce,0,0,0.6989700043360187,0,2.79605370040254,2.7630534402996147,0.3979400086720376,2.5715341474266706,1,1,0,1
HH035,compost,-0.0947630530003949,175,2.9415966971881544,1,2.0372143140805603,3.0603242476151595,2.2641703734039185,3.0853072393312435,1,1,1,1
HH035,effluent,24.512096305885915,226,3.1752010783413653,1,2.9610031950696474,1.428547662408633,2.712741583064524,2.621397216750163,1,1,1,1
HH035,produce,0,0,0.6989700043360187,0,3.0436176702554247,2.454387467146955,2.661481397843616,2.769007870943774,1,1,1,1
HH036,compost,10.581591418199272,0,0.446513072398497,0,2.2966689948205894,3.0139158992870816,2.3176187733840825,2.8575600748545904,1,1,1,1
HH036,effluent,25.29238504933881,0,0.5245751369436753,0,2.3303477688793444,2.5032120853281494,2.4648923585178935,2.2673002682483734,1,1,1,1
HH036,produce,0,0,0.6989700043360187,0,2.6493835437054,2.4143046881283317,2.469822015978163,2.0073209529227443,1,1,1,1
HH037,compost,15.001947037308064,0,0.46853103116061245,0,2.578244535953563,2.9756039279171156,2.750745164222948,2.591009045842124,1,1,1,1
HH037,effluent,20.848483393297247,0,0.4994807679624561,0,2.4120216507530934,2.016148327061499,3.6400076656339784,2.6417450591324783,1,1,1,1
HH037,produce,0,0,0.6989700043360187,0,3.011274328904725,2.3280736545131555,2.321494866739587,2.3184807251745174,1,1,1,1
HH038,compost,20.426870891038725,0,0.4971735722141345,0,2.7254198984693803,2.5583997973332497,2.1990867834264787,2.7093078856821515,1,1,1,1
HH038,effluent,41.90390810100671,135,3.065156854275253,1,2.8705821895255585,2.5138059284830376,2.216765019221072,2.885236625149628,1,1,1,1
HH038,produce,0,0,0.6989700043360187,0,3.2700379829462642,2.5735098014070292,2.9983683344041685,2.422425676371205,1,1,1,1
HH039,compost,1.0565539510701392,0,0.4025529765677466,0,2.355635820479833,2.015124930632923,2.4611308257009714,2.874694837412167,1,1,1,1
HH039,effluent,16.42936435980687,0,0.4758863032383984,0,2.466225158026,2.6284192516729243,2.5895623151354985,3.417019924207475,1,1,1,1
HH039,produce,0,0,0.6989700043360187,0,2.037625669914719,1.4996870826184039,2.555578072772955,2.760648619581356,1,1,1,1
HH040,compost,20.358551038720773,0,0.49680085588316936,0,2.6162547066392294,2.603739306621348,2.1880592140162807,2.4974084429460595,1,1,1,1
HH040,effluent,16.94022725312932,0,0.4785492701345745,0,3.0016971945567783,2.477766835664678,2.3680750668057655,2.2038073364945356,1,1,1,1
HH040,produce,0,0,0.6989700043360187,0,1.8884603180353863,2.4835159783905416,2.875379629291861,3.2071629303614593,1,1,1,1
HH041,compost,5.641978578651228,0,0.42316118301633576,0,2.183885155158287,2.5997732830082025,2.6190608354255698,2.805682507206016,1,1,1,1
HH041,effluent,28.454042740750673,230,3.2061127415953896,1,2.6213039084198426,2.5359084277459507,3.174758088760884,2.6408204643879714,1,1,1,1
HH041,produce,0,0,0.6989700043360187,0,3.3384963353074815,2.2888079474834786,2.7271344237604884,2.5081929260254405,1,1,1,1
HH042,compost,-3.5829896111152553,0,0.38265156720667703,0,3.0419591386658844,2.295192449997314,2.5239131578287672,2.9794025627194936,1,1,1,1
HH042,effluent,70.06563369978058,0,0.9217699399511804,0,2.9016823502858973,2.3865574595971175,0.9217699399511804,3.6713825953594106,1,1,0,1
HH042,produce,0,0,0.6989700043360187,0,2.48065358884337,2.9356835677016564,2.3299061234002103,2.3727279408855955,1,1,1,1
HH043,compost,14.15220690997713,110,2.8066335543670764,1,1.9175292135919078,2.103896534787552,2.4355795103362934,1.2509622956904312,1,1,1,1
HH043,effluent,62.76316559424491,189,3.4044590550653826,1,3.385867736715353,2.215423707928424,2.612297090238924,3.4762826384147503,1,1,1,1
HH043,produce,0,0,0.6989700043360187,0,2.527178618803964,2.4838724542226736,2.52865964523499,2.2813743023550472,1,1,1,1
HH044,compost,-2.860530849407366,0,0.38569124734559523,0,2.6246401456573567,2.530078621447532,2.495404752138546,2.474677366293508,1,1,1,1
HH044,effluent,26.320252289700875,0,0.5305918785653911,0,1.9953793982113281,2.7729842099411335,2.950184186864975,2.9245529499029246,1,1,1,1
HH044,produce,0,0,0.6989700043360187,0,2.961088719767896,2.9072231974087037,2.5494937132150133,2.1090720809788794,1,1,1,1
HH045,compost,0.5199615576386059,0,0.4002040642484235,0,2.3638974694864423,2.5870474345728933,3.0154595308389016,2.6070838865547232,1,1,1,1
HH045,effluent,62.06787503292185,20,2.4209928273307892,1,3.2670205026951677,3.1366201764890103,3.7999355259442265,2.941279802257905,1,1,1,1
HH045,produce,0,0,0.6989700043360187,0,2.8301714943622516,2.4782056360118823,2.4694538137671267,2.3382572302462554,1,1,1,1
HH046,compost,1.4882851997756705,0,0.4044521297421976,0,2.9322366480062225,2.6749912240027456,2.665334080205784,2.508119043488989,1,1,1,1
HH046,effluent,40.386168949587116,0,0.6225929762471677,0,2.503406568527959,2.4768990180482486,2.762912427917296,2.2885490057011246,1,1,1,1
HH046,produce,0,0,0.6989700043360187,0,2.49734438101758,2.295017011881458,2.181128699747295,2.290257269394518,1,1,1,1
HH047,compost,5.436258790764622,0,0.4222153628761268,0,2.243073352315827,2.615339961230588,2.6155626192625885,2.147473429236088,1,1,1,1
HH047,effluent,60.03915702917203,221,3.4417276369627414,1,3.1287034261634035,2.471350103569542,2.9383192005980083,1.8939096964880602,1,1,1,1
HH047,produce,0,0,0.6989700043360187,0,2.4324882557705063,2.813247300897605,2.1547282074401553,2.4943633392673084,1,1,1,1
HH048,compost,11.35360066236893,148,2.921570619721349,1,2.2800970961012874,2.7608022926139313,2.6671834071840825,2.0851590494289365,1,1,1,1
HH048,effluent,29.349662900253893,52,2.565859109596427,1,2.922326248265521,2.7856148697069396,2.708092101391141,3.385934199458601,1,1,1,1
HH048,produce,0,0,0.6989700043360187,0,1.7828308052025919,2.889525796671191,2.3754807146185724,2.2431621151010512,1,1,1,1
HH049,compost,7.2207015206431855,0,0.4304889242540747,0,2.482798023901398,2.691799384354698,2.8258153173234257,2.355491431935052,1,1,1,1
HH049,effluent,53.58228014639194,0,0.7312562055835339,0,2.2693269926267057,3.3068365861570452,2.351600505338027,2.4455859653287666,1,1,1,1
HH049,produce,0,0,0.6989700043360187,0,3.3008019311888175,2.3736474722092176,2.6178387477170033,2.5691397254724597,1,1,1,1
HH050,compost,15.967180068623652,0,0.4734910710470831,0,2.3728737765803483,2.941690657119696,2.236319624236174,2.708311950854484,1,1,1,1
HH050,effluent,39.4589507115227,18,2.172192565626063,1,2.5390304208839765,3.154237544697553,2.5873514698833624,3.370452436647864,1,1,1,1
HH050,produce,0,0,0.6989700043360187,0,2.3546845539547285,2.5247205856840464,2.971461405024587,3.235667297944204,1,1,1,1
HH051,compost,16.760349328354888,75,2.653701018769764,1,2.612105615548756,2.3809168396782563,3.056065587653925,2.501109141262095,1,1,1,1
HH051,effluent,38.19304887900648,0,0.6069026878918373,0,3.0093360341111492,2.2113447541525604,2.6346598925823907,2.513022145437399,1,1,1,1
HH051,produce,0,0,0.6989700043360187,0,0.3979400086720376,3.088455045044165,2.905472061924704,3.3268886199074372,0,1,1,1
HH052,compost,15.669372179896015,0,0.47195467512079303,0,3.1861334954990905,1.8225902833797474,2.7912273382426838,2.8798891697204176,1,1,1,1
HH052,effluent,22.427900231796492,0,0.508234461324774,0,2.9539631756318805,3.329616961072073,1.5064937997484726,2.229550341930673,1,1,1,1
HH052,produce,0,0,0.6989700043360187,0,2.7908479039654317,2.618623286646383,2.2595938788859486,2.555094448578319,1,1,1,1
HH053,compost,3.8768623900314285,0,0.41511207025578056,0,2.0169548600378784,2.4622311089759616,2.581186787612861,2.40978109208131,1,1,1,1
HH053,effluent,51.507650874256846,0,0.7122667854219296,0,3.0377824487850775,2.7613296752160545,2.6772802356941776,2.4424027894186073,1,1,1,1
HH053,produce,0,0,0.6989700043360187,0,1.8890214220952248,2.6242820958356683,2.7316693318286362,2.490590487028833,1,1,1,1
HH054,compost,10.189305171831666,103,2.75847917268238,1,3.0147344037176382,2.0972450203963366,2.1659278329191256,1.9641774531937357,1,1,1,1
HH054,effluent,14.02316128723046,132,2.8851624630656056,1,2.0268022373361725,2.48573937560944,2.313959684192933,2.3195619901929954,1,1,1,1
HH054,produce,0,0,0.6989700043360187,0,1.8668778143374989,3.062487970918584,2.8727970399895986,2.5229004594615825,1,1,1,1
HH055,compost,12.923074921614027,0,0.45803692414436414,0,2.650827321265017,2.9976398815049743,2.5033599029310216,2.880331225037927,1,1,1,1
HH055,effluent,12.554661737678874,50,2.45620334661165,1,2.5341523451176773,2.7770970562434742,2.785153478681434,2.758534275296049,1,1,1,1
HH055,produce,0,0,0.6989700043360187,0,2.937668314399005,2.625723909525756,1.8588378514285855,2.7243578042264263,1,1,1,1
HH056,compost,7.505515795999147,0,0.4318241737837085,0,2.4243776916158444,2.7459021655629217,2.474242161926959,2.67077307209547,1,1,1,1
HH056,effluent,32.80002531756885,0,0.5705708992384879,0,2.633528733322998,3.239720353517498,2.883805190933212,3.1272833734483507,1,1,1,1
HH056,produce,0,0,0.6989700043360187,0,2.3755721739180373,1.9611837098124356,2.2119210843085093,3.4781984157609758,1,1,1,1
HH057,compost,5.327973646533865,0,0.42171833584629914,0,3.0483871233008193,2.3250254158104733,2.7175492308048845,3.202050052208004,1,1,1,1
HH057,effluent,23.00479432033942,0,0.5114763252098398,0,2.849972660517321,2.1380219842369694,2.5951938891087876,2.6382569022218485,1,1,1,1
HH057,produce,0,0,0.6989700043360187,0,2.7818630376241984,1.3031960574204888,2.5639554649958125,2.8811277706708003,1,1,1,1
HH058,compost,31.504133705867943,0,0.5622756459360858,0,2.704289478920445,2.7532792800040626,3.7617730214270573,2.46198674050723,1,1,1,1
HH058,effluent,63.629670787063006,146,3.302575627949032,1,3.1195882812431392,2.8711791417402193,2.002140149122455,2.9987404496263412,1,1,1,1
HH058,produce,0,0,0.6989700043360187,0,2.576859429707503,2.872505899345925,2.3327413504185746,2.452476461326989,1,1,1,1
HH059,compost,1.1496338600646983,0,0.40296172640060635,0,2.0380431624114794,2.1792269446687156,2.6513764237493285,2.7881746334850614,1,1,1,1
HH059,effluent,54.82762766277539,114,3.1010019564790134,1,2.690990729310286,2.871207792608552,3.274546026520815,2.6321446021286237,1,1,1,1
HH059,produce,0,0,0.6989700043360187,0,1.9132839017604184,2.6314437690131722,2.2483411566691958,2.3521825181113627,1,1,1,1
HH060,compost,7.920294980422492,0,0.43377608932500855,0,2.37459129797581,2.5874080543272244,2.0588826647284764,3.0072974856775576,1,1,1,1
HH060,effluent,73.4233473147924,0,0.9734397277721464,0,3.467315838624969,3.405735420216159,2.7280937970275785,2.9069270156208518,1,1,1,1
HH060,produce,0,0,0.6989700043360187,0,2.466125870418199,2.528852450779512,2.4943633392673084,2.5590083941432122,1,1,1,1
HH061,compost,27.56238447387077,0,0.5379758627352664,0,2.8411287046244094,2.505991576728908,2.0290572761584533,2.8520538545144793,1,1,1,1
HH061,effluent,32.138217783016536,0,0.5663147475739949,0,2.7018290285727815,2.782744578450246,2.944021588943619,2.7747023513691493,1,1,1,1
HH061,produce,0,0,0.6989700043360187,0,3.2477032819341716,2.2734642726213465,1.977952121201462,2.3716219271760215,1,1,1,1
HH062,compost,12.880234419827147,0,0.45782331051217884,0,2.8249182036358373,2.3323051282116456,2.9186910972472675,2.656645288115385,1,1,1,1
HH062,effluent,83.62581284089944,0,1.1837802585474044,0,3.289630932932548,3.143870326452324,3.3543939619248095,4.107811305401668,1,1,1,1
HH062,produce,0,0,0.6989700043360187,0,2.736436343979519,2.9257245269360626,2.1607685618611283,2.2753113545418118,1,1,1,1
HH063,compost,3.103581484426422,226,3.0667707185241793,1,2.6692628675899552,3.4201813590005217,2.1372172559834914,2.802708601834134,1,1,1,1
HH063,effluent,53.11419814701783,0,0.7268986608491101,0,2.9992045052511966,0.7268986608491101,2.421503859782679,3.0992213903476657,1,0,1,1
HH063,produce,0,0,0.6989700043360187,0,2.887279634530023,2.243286146083446,2.704236337308788,2.8768526476013436,1,1,1,1
HH064,compost,1.2670214756022977,0,0.40347776989361117,0,2.9239875036227314,2.4864784394701442,2.3301288469825003,2.748773065472912,1,1,1,1
HH064,effluent,27.44228552995665,0,0.5372564144529827,0,2.8263099720456237,2.925925878429605,2.5039611911108572,2.839587343137382,1,1,1,1
HH064,produce,0,0,0.6989700043360187,0,3.597437384163009,2.6028193424326997,2.023046584075505,1.9175055095525466,1,1,1,1
HH065,compost,6.339257689536661,0,0.42638241320098647,0,1.8359774325978022,2.3345456132565343,2.3887517488710075,2.570769787302923,1,1,1,1
HH065,effluent,46.202654368098415,0,0.6671791606238029,0,2.7508967245227502,2.8334908412833943,2.6775639321221805,0.6671791606238029,1,1,1,0
HH065,produce,0,0,0.6989700043360187,0,2.7725050693948026,2.4219328132785085,1.9997827984541359,1.9132839017604184,1,1,1,1
HH066,compost,-0.1682010326391191,153,2.8829315610063553,1,2.4966145068703174,1.8966222601970504,2.805755355840221,2.5936626762281643,1,1,1,1
HH066,effluent,50.802339664538344,0,0.7059955589038489,0,3.1805614495777363,3.6349441701392484,2.75490326038762,2.4940224429996527,1,1,1,1
HH066,produce,0,0,0.6989700043360187,0,2.717087724927019,1.7566361082458481,2.4512489897961376,2.5721743136130595,1,1,1,1
HH067,compost,0.6086996800762422,84,2.6259009179563195,1,2.785804543314911,2.8463203505375625,2.56897124908323,2.4669175615924943,1,1,1,1
HH067,effluent,15.210288893213173,0,0.46959685312108135,0,2.4263413984037725,2.252785544196339,2.712634901807376,2.5233665427203906,1,1,1,1
HH067,produce,0,0,0.6989700043360187,0,2.5399538416563967,2.554307408805559,2.407985421308136,2.2037126406077068,1,1,1,1
HH068,compost,20.58995909692363,143,2.954430622080589,1,2.593233940383301,2.5029016498898558,2.875042809259562,2.6985867807536588,1,1,1,1
HH068,effluent,73.88141565831334,0,0.9809903747081755,0,2.7065753469788696,2.9557783069217334,3.153534929080539,3.317450108556705,1,1,1,1
HH068,produce,0,0,0.6989700043360187,0,2.7328760413627067,2.852144383707553,2.717087724927019,2.695350317569429,1,1,1,1
HH069,compost,16.6066132209683,6,1.5559896429218694,1,2.954248017494068,2.886301933741821,2.742710601176001,2.239636950063335,1,1,1,1
HH069,effluent,25.539699779039694,200,3.128075217056069,1,2.352478774820908,2.2962779638987003,2.6772624631904773,2.085203414732882,1,1,1,1
HH069,produce,0,0,0.6989700043360187,0,2.9783631470838827,2.388545220095957,2.4080702858871854,2.2332500095411003,1,1,1,1
HH070,compost,10.845052856463559,0,0.44779456180532906,0,2.5021011276537286,2.737115899376798,2.479687549515804,2.897303815632464,1,1,1,1
HH070,effluent,45.76867055393432,118,3.0366017606270597,1,2.7068947965446113,2.3892747299276476,3.0882120547435856,3.3088564844968165,1,1,1,1
HH070,produce,0,0,0.6989700043360187,0,1.893206753059848,2.1174370252826193,2.3586960995738107,1.7989957344438814,1,1,1,1
HH071,compost,36.95587247534819,0,0.5982953698234851,0,2.512426882454379,3.7977927453144567,2.680506086424728,2.780424583876483,1,1,1,1
HH071,effluent,73.14970909899759,0,0.9689910133844802,0,3.283279674331978,3.750947337333149,3.1294595445035176,3.1813917161645993,1,1,1,1
HH071,produce,0,0,0.6989700043360187,0,2.5622333679865,2.6500159524718385,2.2069607291557105,2.4782778319196046,1,1,1,1
HH072,compost,4.435233786862857,0,0.4176422069783967,0,2.785743058687748,2.2443647271473885,2.296852812270156,2.8214145387869483,1,1,1,1
HH072,effluent,63.72073407150624,0,0.8382815176717909,0,2.7649325947606798,0.8382815176717909,2.673591518540854,3.2972817569404853,1,0,1,1
HH072,produce,0,0,0.6989700043360187,0,2.5873741720730656,3.1604535241395824,2.1192558892779365,3.0756929182018036,1,1,1,1
HH073,compost,36.52414015527323,135,3.0266951802873776,1,2.1585751172687884,2.599652789911033,2.2612874455823473,2.9558112243003327,1,1,1,1
HH073,effluent,28.535069814771457,64,2.6510570045393864,1,2.6621117609809972,2.7186624913737,2.3157283550816166,2.31850995742934,1,1,1,1
HH073,produce,0,127,3.103803720955957,1,2.7554555972871344,2.661481397843616,2.592953571547866,2.466125870418199,1,1,1,1
HH074,compost,27.414803689266044,0,0.5370919529323628,0,1.7061783104193855,2.708291669732785,2.4923947756940548,2.486677104259015,1,1,1,1
HH074,effluent,75.79663789294325,0,1.0140643103311628,0,2.739649282601857,3.553667267691773,3.1274728171493384,3.049494048515711,1,1,1,1
HH074,produce,0,0,0.6989700043360187,0,2.7675268994083817,2.37630315575592,2.937668314399005,3.246030551190584,1,1,1,1
HH075,compost,3.462321156220692,65,2.527186508566402,1,2.090485002206219,2.720610812298097,2.612065133862771,2.39460866533811,1,1,1,1
HH075,effluent,28.08182630872188,0,0.5411013583933457,0,3.3036148738608904,2.868828010035487,2.5924082692113197,2.144895062530309,1,1,1,1
HH075,produce,0,0,0.6989700043360187,0,2.3929606147967957,2.4352071032407476,1.9344984512435677,3.65984967284393,1,1,1,1
HH076,compost,25.6273444700126,0,0.5265267201060218,0,2.5251347494211163,2.4404464850574876,3.11038267492353,2.7617520651178875,1,1,1,1
HH076,effluent,36.07669573612527,0,0.5922807926402271,0,2.9100935007910493,2.896512734825901,2.5787838080269676,2.9960531244487782,1,1,1,1
HH076,produce,0,0,0.6989700043360187,0,2.0090257420869104,2.4628470358316736,2.2187979981117376,2.4892551683692608,1,1,1,1
HH077,compost,15.120935558779353,0,0.4691394246573417,0,2.4379957992720342,2.7774049578672746,2.5574173006532765,2.3627902416433053,1,1,1,1
HH077,effluent,84.05670942448077,0,1.1953620472390099,0,3.017399295311595,3.170149979452568,3.545222129431341,3.1380644161276776,1,1,1,1
HH077,produce,0,0,0.6989700043360187,0,3.0222633656812588,2.9228032815723415,2.8700232918953947,2.3774883833761327,1,1,1,1
HH078,compost,3.7883160319375997,130,2.8296855405849515,1,2.500074136300263,2.702827217902237,2.346678307342306,2.95388869470915,1,1,1,1
HH078,effluent,78.952962695904,52,3.0917823771596367,1,3.416420925069374,2.651320721926147,3.1972925619296104,2.7375068695424303,1,1,1,1
HH078,produce,0,0,0.6989700043360187,0,2.190471770573345,3.1741470650970305,1.8247764624755458,2.0283678836970616,1,1,1,1
HH079,compost,1.7033046347296712,169,2.934317791410052,1,2.035828966157421,3.3662427395066117,2.9538396487179477,2.4392267850857072,1,1,1,1
HH079,effluent,30.655680426683528,153,3.0426505440630387,1,2.7349847291126883,2.9784343299419653,2.6371947449213033,1.8865303659379773,1,1,1,1
HH079,produce,0,18,2.255272505103306,1,2.26528962586083,2.396286546068402,2.4782056360118823,2.0668847431297714,1,1,1,1
HH080,compost,8.552043839825796,43,2.3712644563719207,1,2.465743710337131,3.0054604325311933,2.6119878054714056,2.5656174284751367,1,1,1,1
HH080,effluent,15.086549793996419,91,2.7290349091505997,1,2.148754692145879,1.9768193928613558,2.432656926403544,2.5288297415764642,1,1,1,1
HH080,produce,0,0,0.6989700043360187,0,2.867025307795158,2.694517453811156,2.285782273779395,2.520418023353549,1,1,1,1
HH081,compost,4.289925833234975,0,0.41698235590282595,0,2.5323265517742666,2.7622776514821266,2.515002742112493,2.385465304456761,1,1,1,1
HH081,effluent,35.97716120862349,97,2.8794068116230043,1,2.512145798195258,2.7557199026771193,3.0332373853770918,2.5702420300772526,1,1,1,1
HH081,produce,0,0,0.6989700043360187,0,2.407900540142635,3.2610962581323335,2.4032063416448066,1.9910044403307552,1,1,1,1
HH082,compost,3.2681748190973385,0,0.41237062635184807,0,2.813460845946982,3.00592250658997,2.42284019614824,2.9690831005617113,1,1,1,1
HH082,effluent,34.64901195663308,22,2.2261405270819328,1,2.286838367435544,3.041688089864439,2.890953383805678,2.7736914846637224,1,1,1,1
HH082,produce,0,0,0.6989700043360187,0,2.4143046881283317,2.7060346607143506,2.6813769331998136,1.6608654780038692,1,1,1,1
HH083,compost,17.86606742365525,0,0.4834173913077887,0,3.1237994360173573,2.4874806917054557,2.7148360052160916,2.9498994598036985,1,1,1,1
HH083,effluent,13.90751971025227,89,2.7133947911334033,1,2.791924920894293,1.772178968494917,2.5162837699486094,3.175725477426226,1,1,1,1
HH083,produce,0,0,0.6989700043360187,0,2.9988693638823443,2.2570783059665684,2.6787459370657043,3.0294040713457306,1,1,1,1
HH084,compost,6.133698034436218,0,0.4254303002936165,0,2.983514573902256,2.3306863490420677,2.809353329245777,2.691096999746099,1,1,1,1
HH084,effluent,17.83147303980116,0,0.4832345072502149,0,3.4100706573946344,2.300667651361599,2.5858054091045144,1.584981581196581,1,1,1,1
HH084,produce,0,0,0.6989700043360187,0,2.9353308923489427,2.3720831085742526,3.4387400699285666,2.651278013998144,1,1,1,1
HH085,compost,-0.027703916296006728,0,0.3978197087554177,0,2.146317835369155,2.253459989645563,2.1971602582089993,2.386467833991169,1,1,1,1
HH085,effluent,42.76019642368347,44,2.584724546053619,1,3.62124456384485,2.315286609859343,2.6927819198374725,2.720507501243295,1,1,1,1
HH085,produce,0,0,0.6989700043360187,0,2.2520030205384587,0.3979400086720376,2.5423273827739745,2.4411450475596963,1,0,1,1
HH086,compost,27.482042045197762,0,0.5374944424466848,0,2.8975195316360822,2.997489698494076,1.9941640718704423,2.9081185432882206,1,1,1,1
HH086,effluent,36.483698585264406,137,3.032805370516984,1,2.5097152382858177,2.583256907955377,1.8579802770284277,2.893383795770091,1,1,1,1
HH086,produce,0,0,0.6989700043360187,0,3.264971215163733,2.3207692283386865,2.574494268285328,2.253338005326106,1,1,1,1
HH087,compost,18.636542853278254,230,3.150268446802663,1,2.6278300667912173,3.199722434967323,2.4291214172747226,2.3115062062770564,1,1,1,1
HH087,effluent,10.530843205585553,0,0.44626666433486795,0,2.6123413816919485,2.892119853988743,2.985443166429884,2.838893280808907,1,1,1,1
HH087,produce,0,0,0.6989700043360187,0,3.0696311026203427,2.6604860157849677,2.1965906541173066,2.3273589343863303,1,1,1,1
HH088,compost,15.701252840939068,0,0.4721188884476477,0,2.2961144796036157,2.2920574578030433,2.511850184546339,2.4047955470700484,1,1,1,1
HH088,effluent,21.169204965512744,0,0.5012441020844218,0,2.995760457458146,2.1905529612080423,2.801099916788689,1.7930567895515408,1,1,1,1
HH088,produce,0,0,0.6989700043360187,0,2.7330366829335793,2.7807492311035524,2.225438516805496,2.181128699747295,1,1,1,1
HH089,compost,0.40529819221787083,0,0.3997037730279204,0,2.671870398168708,2.6045831067885823,1.556858212934202,2.8472338973375564,1,1,1,1
HH089,effluent,76.8191753113899,0,1.0328111261669102,0,3.5419329671065864,3.809018182591903,3.413275632464635,3.053586614360468,1,1,1,1
HH089,produce,0,0,0.6989700043360187,0,2.2189291850880872,2.789510204090254,2.4931093601037926,3.3897860623169342,1,1,1,1
HH090,compost,1.646886279637043,0,0.40515189505047877,0,2.0570111642974274,2.7327560088647944,2.1883405861257366,2.591543110745972,1,1,1,1
HH090,effluent,10.999488677468667,50,2.448547506926946,1,2.8527652514418698,2.5707633851997724,2.920718653619309,2.429187074370683,1,1,1,1
HH090,produce,0,0,0.6989700043360187,0,2.2753113545418118,2.742764396661798,2.5984622004741507,2.359076226059263,1,1,1,1
HH091,compost,25.06646042365455,88,2.768776428978593,1,2.603529388504288,2.7485213380885423,2.0905254535183175,2.5162588595957844,1,1,1,1
HH091,effluent,21.366467590151856,123,2.893267330104748,1,2.5058789161035,3.338998068686595,2.512292754471966,2.730116123855087,1,1,1,1
HH091,produce,0,0,0.6989700043360187,0,2.736436343979519,2.4605971888976015,2.7039788250083863,2.647089428716555,1,1,1,1
HH092,compost,17.450794359118973,184,3.0470749288798973,1,2.7629420802336755,2.485806404108591,2.3408456889785603,2.93261436386888,1,1,1,1
HH092,effluent,15.889865052506183,0,0.4730916789077132,0,2.874974501228995,2.524630069423041,2.6456362332800762,2.3684037033835006,1,1,1,1
HH092,produce,0,0,0.6989700043360187,0,3.258026351054089,2.937768567049936,3.2769670381470917,2.7978904830583486,1,1,1,1
HH093,compost,9.667104619482515,0,0.442094078062892,0,2.1913664863613125,2.5323521309942083,2.7065340894071017,2.7034045381635154,1,1,1,1
HH093,effluent,45.810571494035344,161,3.171881309499688,1,2.002083313223613,2.857150036158319,3.0395427384535285,3.3852092939424363,1,1,1,1
HH093,produce,0,0,0.6989700043360187,0,2.9680624600764496,2.2630439833131657,2.7882744561838892,2.6445862835627505,1,1,1,1
HH094,compost,26.61568572112466,0,0.5323367682399631,0,0.5323367682399631,2.7156635648415963,2.936554512754887,2.762018610557639,0,1,1,1
HH094,effluent,51.03811168603814,163,3.2212994498369607,1,2.1614001898160593,2.712575187316296,2.280721146811835,0.7080818497690216,1,1,1,0
HH094,produce,0,0,0.6989700043360187,0,2.3646447853299124,3.1517374810385186,3.1215926694384066,2.654946226584344,1,1,1,1
HH095,compost,18.288545345949046,0,0.48565706665194175,0,3.2079783162347835,2.8793726252534135,0.48565706665194175,3.1009125332424197,1,1,0,1
HH095,effluent,71.19727396733808,0,0.9385064151865683,0,3.3403892375078503,3.3829884098721803,2.8724995790178105,2.9768085873860928,1,1,1,1
HH095,produce,0,0,0.6989700043360187,0,2.3184807251745174,2.56643749219507,2.789510204090254,2.266231696689893,1,1,1,1
HH096,compost,-0.8170162664345337,0,0.3944061685573884,0,2.5854098026253656,1.69932733045828,2.5799483234117635,1.8761353655174045,1,1,1,1
HH096,effluent,76.62236585311071,0,1.02913945090269,0,2.4697337127425207,2.7592754548993677,3.9081664803777443,3.3372341029450032,1,1,1,1
HH096,produce,0,59,2.7708520116421442,1,2.769967801329442,2.3933119147001998,2.1762359997608716,3.406489083959762,1,1,1,1
HH097,compost,21.988923989142574,0,0.5057837404828252,0,2.631265006183419,3.1025347359956417,2.013639612178656,3.0306470133831294,1,1,1,1
HH097,effluent,57.112910228204214,0,0.765613431748233,0,2.710194795975159,2.9359925081713074,3.2095957347556463,2.43156946120219,1,1,1,1
HH097,produce,0,0,0.6989700043360187,0,2.561876217899017,2.668012971641832,2.4758890071780653,2.3012470886362113,1,1,1,1
HH098,compost,35.45057333857375,0,0.5880476195271456,0,3.1831247765348425,3.0202469982804505,2.9558134105420555,3.4909095420439256,1,1,1,1
HH098,effluent,15.731416173956864,0,0.47227431321647695,0,3.1174410400563404,2.6986164003801076,2.909485635841059,2.0780102070932234,1,1,1,1
HH098,produce,0,0,0.6989700043360187,0,1.723044991643445,2.694385802878434,2.333346498424387,2.122707254318348,1,1,1,1
HH099,compost,0.8436736155741795,143,2.857985613464539,1,2.041305241578178,2.6729034455942644,2.950058137921047,2.4906056992834094,1,1,1,1
HH099,effluent,19.48796795550612,0,0.49207922072585863,0,2.7577459201783414,0.49207922072585863,1.9447854472368875,2.584167959981665,1,0,1,1
HH099,produce,0,0,0.6989700043360187,0,2.4730488050885375,3.53846690634356,1.6294095991027189,2.3659557226656793,1,1,1,1
HH100,compost,32.2178260607588,0,0.5668245150665765,0,2.1712665813272998,3.137367454948474,2.8932423106209653,2.336349535237627,1,1,1,1
HH100,effluent,77.40722723670888,0,1.04397047443606,0,3.4101692218057864,3.000042811431243,4.045011532422153,2.813052261554279,1,1,1,1
HH100,produce,0,0,0.6989700043360187,0,2.5125509929042105,2.5812668052736707,3.09869563042225,1.4039779636693548,1,1,1,1
HH101,compost,3.567864206927244,0,0.4137182229862648,0,2.7859303746403263,2.8937251659434153,2.2345762124259645,2.4979369097255035,1,1,1,1
HH101,effluent,16.263780126911673,0,0.4750266571480376,0,3.61555355481956,2.515549883593634,2.8710864494604706,2.6530822686792677,1,1,1,1
HH101,produce,0,0,0.6989700043360187,0,2.6379398015589093,2.8487739425630414,0.3979400086720376,2.449478399187365,1,1,0,1
HH102,compost,21.193716614615333,0,0.5013791626189116,0,2.244575244067613,2.6922149101509785,2.8890892520175173,2.692102949727078,1,1,1,1
HH102,effluent,27.965194326964898,69,2.6802767061516226,1,2.3702158071892634,2.545320569046911,2.8529134754137724,2.340289304407251,1,1,1,1
HH102,produce,0,0,0.6989700043360187,0,3.1202612582548794,2.436242180871562,0.3979400086720376,1.921686475483602,1,1,0,1
HH103,compost,4.86263121398312,0,0.41958887270351686,0,3.44476361040633,2.445795169786635,2.7771044613186135,2.7194446874077842,1,1,1,1
HH103,effluent,26.279479072812716,0,0.5303516132833901,0,2.655832878983984,2.63230479076059,2.9851964732919,1.8852280357996238,1,1,1,1
HH103,produce,0,0,0.6989700043360187,0,2.8229848832234268,2.4916417934775863,1.9387698227831174,2.815577748324267,1,1,1,1
HH104,compost,5.724314867270347,207,3.0405406525415035,1,2.671071697654173,2.471126668494955,3.0346898444313957,2.6874129882858284,1,1,1,1
HH104,effluent,24.10149034175633,33,2.337250696033255,1,2.705734801826467,2.20434302975368,2.2262976056417303,2.409467161948058,1,1,1,1
HH104,produce,0,0,0.6989700043360187,0,2.9598281363071592,2.3615389712692787,2.5132842045434787,2.402519302574249,1,1,1,1
HH105,compost,16.724685283906403,0,0.47742372600945904,0,2.5707052935767045,2.779104675303035,2.279512983891192,2.949653438473862,1,1,1,1
HH105,effluent,42.56266837973079,0,0.6387457530908415,0,2.1892187101974048,2.7963838171917588,2.4539248832302603,2.802860574075183,1,1,1,1
HH105,produce,0,0,0.6989700043360187,0,3.5219614158002237,2.7818630376241984,2.11293997608408,3.119123864810617,1,1,1,1
HH106,compost,8.559524644193669,0,0.43680153358722895,0,2.7554908035349746,2.0812401230550677,2.217262866448946,1.8378572593590727,1,1,1,1
HH106,effluent,12.381831502441292,0,0.45534583789102145,0,2.720541144176738,2.646181585423088,2.6120766643904396,2.445684692678623,1,1,1,1
HH106,produce,0,0,0.6989700043360187,0,2.8834058926443893,2.7104558643354246,2.633468455579586,2.0472748673841794,1,1,1,1
HH107,compost,-1.3567758372751366,0,0.3920872215001917,0,2.5062977497501846,2.4578162809625406,2.356818142553821,1.7805436742004583,1,1,1,1
HH107,effluent,9.84227732084408,0,0.4429370754694697,0,2.89432432913197,2.483460301915066,2.465942472719404,2.91507893631389,1,1,1,1
HH107,produce,0,0,0.6989700043360187,0,2.6634182122526795,2.810266130818281,2.6107665947732706,2.9014583213961123,1,1,1,1
HH108,compost,26.841277455820254,0,0.5336738952035975,0,3.2344295169538104,1.1335569672772854,2.580792933923779,2.5695836936602063,1,1,1,1
HH108,effluent,20.797286641799616,135,2.930563712752786,1,2.5093302258089465,2.572991591401812,2.2706404352337106,2.6446449847316043,1,1,1,1
HH108,produce,0,134,3.1271047983648077,1,2.6700137961720474,2.1230345297535065,2.5763989451242386,2.834102655712794,1,1,1,1
HH109,compost,18.837832209292387,67,2.615691168786808,1,2.7445339198209404,2.9449827727326863,2.6382364835201155,2.493079707969275,1,1,1,1
HH109,effluent,65.9680045355637,154,3.354603310493777,1,3.1243545696502566,3.6343206104448806,3.2416796342473537,2.817195754100885,1,1,1,1
HH109,produce,0,0,0.6989700043360187,0,3.119123864810617,2.5992825013197454,3.002166061756508,1.9017306917292187,1,1,1,1
HH110,compost,6.879249481494298,129,2.8405132470638605,1,2.528574182209881,2.810044736274092,2.6503599433153706,2.8350929647639433,1,1,1,1
HH110,effluent,21.5501190479351,91,2.763419107776866,1,2.724814122006531,2.4790551833289713,3.238419398210044,3.228573082022673,1,1,1,1
HH110,produce,0,0,0.6989700043360187,0,1.93018465229862,2.407900540142635,3.1649473726218416,0.3979400086720376,1,1,1,0
HH111,compost,33.10282018599854,0,0.5725321990810982,0,2.327949661892035,2.4029925491120654,3.1986260883099655,0.5725321990810982,1,1,1,0
HH111,effluent,37.55454590054249,171,3.136465286611776,1,2.853200628535329,2.8015358368612566,2.809157143931474,3.2402490092032643,1,1,1,1
HH111,produce,0,0,0.6989700043360187,0,2.3185850100788254,2.6321534835106326,3.0023604784494076,2.7396118958805555,1,1,1,1
HH112,compost,3.0688831347440533,128,2.819716757165045,1,2.622597333111245,2.588724628108819,2.7682672522049114,2.7965465681851303,1,1,1,1
HH112,effluent,48.29293627643979,0,0.6843901323747685,0,2.511888640508227,2.7162024037051387,0.6843901323747685,3.1707355860424062,1,1,0,1
HH112,produce,0,0,0.6989700043360187,0,2.294796781409242,2.5992825013197454,2.71121652432109,2.430397591386967,1,1,1,1
HH113,compost,5.099673527381662,116,2.7861602870891455,1,2.3891552507521814,2.533679242199181,2.1786753114980453,3.5282349928391534,1,1,1,1
HH113,effluent,70.26593775489131,82,3.13952961047757,1,3.187231769542802,3.1384159662847133,2.7100155974406386,2.742118906541256,1,1,1,1
HH113,produce,0,0,0.6989700043360187,0,3.234251462547511,2.5374412834079476,2.6242820958356683,2.208306962353663,1,1,1,1
HH114,compost,17.15976828599478,38,2.360512295956268,1,2.653816684929743,2.79947079510184,2.0137248097316114,2.6665420739999464,1,1,1,1
HH114,effluent,25.92157069329905,135,2.959612007454451,1,2.404927853714664,2.491847205892705,2.7640795807059817,2.4576671690097562,1,1,1,1
HH114,produce,0,0,0.6989700043360187,0,2.720035201538588,3.219322508419337,2.9587310711346833,2.949902074536132,1,1,1,1
HH115,compost,17.267124091684497,0,0.4802618874100161,0,2.6830770283775967,2.156040229084101,2.4786084248063807,2.8063518516735764,1,1,1,1
HH115,effluent,34.74756572655326,0,0.5833432907949665,0,2.593303822265564,2.5822997312654525,2.4974748034258605,3.215111644637824,1,1,1,1
HH115,produce,0,0,0.6989700043360187,0,2.9160062629636454,2.7166292786197834,1.9705793057148508,2.444357125656028,1,1,1,1
HH116,compost,23.00523452530873,0,0.5114788082103578,0,2.275804413836342,2.7936929412726936,2.93377310910392,2.5865876046268577,1,1,1,1
HH116,effluent,20.610380500312544,0,0.4981762882187978,0,2.733704735126347,3.0562605618274374,2.7048942515946313,2.7360717428584014,1,1,1,1
HH116,produce,0,0,0.6989700043360187,0,2.104487111312395,2.3981136917305026,2.088313315588097,2.7405205860536648,1,1,1,1
HH117,compost,-1.3908722297644847,0,0.3919411495196612,0,1.792996875291505,2.1865685941841693,2.0316268107623427,2.7575040063152203,1,1,1,1
HH117,effluent,61.06043095267203,183,3.37102995328724,1,3.1063582944224146,2.1456067433125856,2.8386340159323105,2.8116121682904964,1,1,1,1
HH117,produce,0,0,0.6989700043360187,0,2.1492191126553797,2.321080364697238,1.4835872969688941,2.481943999280067,1,1,1,1
HH118,compost,8.565330403209147,29,2.2002571023474973,1,2.4133624891764978,2.5958546000094653,2.380620307713862,2.1996576619736508,1,1,1,1
HH118,effluent,28.91370913123133,0,0.5461541544135735,0,2.608660929622256,2.7880491260442763,2.5511629750859406,2.997541408076074,1,1,1,1
HH118,produce,0,0,0.6989700043360187,0,2.4082399653118496,2.1972805581256196,2.396548037987132,2.780065160897359,1,1,1,1
HH119,compost,6.651522521713621,0,0.4278327697096086,0,2.2488219461256582,2.749927962576159,3.2474030253315984,2.41817162449721,1,1,1,1
HH119,effluent,35.161588094299,0,0.5861076395874354,0,3.276622675959563,2.509662497654985,2.255238486960768,3.577953693232332,1,1,1,1
HH119,produce,0,0,0.6989700043360187,0,2.487350519655582,2.1742052269401473,2.876044550246095,2.5341530741850624,1,1,1,1
HH120,compost,28.983280469616528,0,0.546579401573201,0,1.6286463358583139,2.3865599592515436,2.321242324111023,2.7412602142231455,1,1,1,1
HH120,effluent,77.87638898588327,106,3.37941985567004,1,3.4626790141381045,3.5926869521018987,3.085541577456218,3.1081563771907064,1,1,1,1
HH120,produce,0,0,0.6989700043360187,0,2.4530123911214554,2.5715341474266706,3.003072595967675,1.0021660617565076,1,1,1,1
HH121,compost,4.990137932761001,195,3.0112359281035466,1,2.7493657361654984,2.711673370266648,2.4061363993819183,2.968609878662598,1,1,1,1
HH121,effluent,56.69991069058933,226,3.416589651366908,1,2.646246580504507,3.068133527574581,3.0184574344678325,2.705242415484827,1,1,1,1
HH121,produce,0,0,0.6989700043360187,0,2.6578681990467903,2.656241984328962,2.713322504987028,2.629358622580341,1,1,1,1
HH122,compost,4.275041397223903,0,0.4169148214673011,0,2.1877668331094453,2.7217068379595286,2.9261980102039673,3.146338814081465,1,1,1,1
HH122,effluent,78.48974404057554,0,1.0652944304043217,0,3.30544414371679,3.0542099509170084,3.3631424479478182,2.5524328058815082,1,1,1,1
HH122,produce,0,0,0.6989700043360187,0,3.287644997457547,1.7951845896824241,2.488198061603354,2.8427340189482697,1,1,1,1
HH123,compost,13.783139978135997,57,2.5192526580066428,1,2.68397066441896,3.3413748361452242,3.067048946998172,3.212454891597468,1,1,1,1
HH123,effluent,16.20152964170568,0,0.47470391750017604,0,3.5028927576709425,2.1006334102164708,1.9459956285591147,2.4791972550474504,1,1,1,1
HH123,produce,0,0,0.6989700043360187,0,2.388278863459639,2.2734642726213465,2.1766699326681493,2.3012470886362113,1,1,1,1
HH124,compost,24.540146175420617,0,0.5202240490903904,0,2.65953629466906,2.8551600817810594,2.3201157337472558,2.695445849433443,1,1,1,1
HH124,effluent,52.485240356968724,86,2.9566399188844628,1,2.60009259537065,3.0293770051868467,2.288373164330788,2.5894031599947693,1,1,1,1
HH124,produce,0,0,0.6989700043360187,0,2.216825423266047,2.8013007844375624,3.4231147463748504,2.876044550246095,1,1,1,1
HH125,compost,0.5668398237588299,0,0.4004087663276773,0,1.607773803796749,2.0352889070942037,2.522624644600504,2.4541784559269866,1,1,1,1
HH125,effluent,24.958804005292617,25,2.2216102658651584,1,2.9254516885210884,2.8043552315564355,2.877823497538815,2.8172828151320113,1,1,1,1
HH125,produce,0,0,0.6989700043360187,0,1.989227273730537,2.2543063323312857,2.4758890071780653,0.3979400086720376,1,1,1,0
HH126,compost,8.634412410141284,91,2.697228745058772,1,2.5138706017637227,2.5335806876689677,2.481226507542612,0.4371573570736974,1,1,1,0
HH126,effluent,83.86305592941429,244,3.8785385369020995,1,3.5352178610322844,3.339522594407972,3.3985063186945426,3.7727728620035714,1,1,1,1
HH126,produce,0,0,0.6989700043360187,0,3.0246087961265578,2.407900540142635,2.920253803828705,0.3979400086720376,1,1,1,0
HH127,compost,-2.1837271550643518,0,0.3885582691302897,0,2.3497894661749528,2.563373725612472,2.951706980226148,2.1662750077399155,1,1,1,1
HH127,effluent,75.69540319392107,210,3.6355008781994913,1,3.101803470688045,3.7393697303016262,3.1289257325975375,2.9523694545493093,1,1,1,1
HH127,produce,0,0,0.6989700043360187,0,2.0203612826477078,2.474653253362063,2.988269033214435,3.681517107690611,1,1,1,1
HH128,compost,23.467977826896895,0,0.5140968200124187,0,2.013508945684694,2.4143546784501964,2.636705843588409,3.131202050514797,1,1,1,1
HH128,effluent,79.31310442991901,223,3.7315795452994722,1,3.5094385710571503,3.4533125488590666,3.137928751506744,3.231525396928354,1,1,1,1
HH128,produce,0,0,0.6989700043360187,0,1.9057958803678685,2.239049093140191,2.188787912637469,2.5802975884365704,1,1,1,1
HH129,compost,21.123244685503696,126,2.9023915123529935,1,2.2311269755681273,2.752239733877294,2.3895074326463943,0.5009909715714493,1,1,1,0
HH129,effluent,21.713386676362674,0,0.5042525027662148,0,2.4716132427321647,2.2255683833721136,3.3626332780347257,2.238892341753914,1,1,1,1
HH129,produce,0,0,0.6989700043360187,0,0.3979400086720376,2.7890163267933747,2.81891836436694,2.633771346082556,0,1,1,1
HH130,compost,13.490375360098955,0,0.46087558102836246,0,2.235392546756912,3.012837646892457,2.677569180198117,2.4588732174363668,1,1,1,1
HH130,effluent,49.132031158480324,35,2.536593652091527,1,2.9241360141042136,2.2724205877528894,2.471956944938988,2.421631616073948,1,1,1,1
HH130,produce,0,0,0.6989700043360187,0,2.4955443375464483,2.368100851709351,2.2723058444020863,2.572639297042813,1,1,1,1
HH131,compost,25.50828223704978,0,0.5258320195452271,0,2.775079308769179,2.201610361219312,1.5284300002651356,2.7659817328576954,1,1,1,1
HH131,effluent,19.707467831318155,0,0.49326485428690314,0,2.2512678635867025,2.4182673619678807,2.4977581918341776,2.454020945188676,1,1,1,1
HH131,produce,0,0,0.6989700043360187,0,2.9463785662575885,2.4763968267253302,2.2884728005997825,2.276921132065774,1,1,1,1
HH132,compost,13.541018985306517,0,0.46112989593731923,0,3.1302793502163295,2.4142127398494053,2.647973266261789,2.6836382719769905,1,1,1,1
HH132,effluent,72.01285390311367,0,0.9509813937916471,0,3.2980380591581695,2.404299733838685,2.8011373162137394,3.080671285990948,1,1,1,1
HH132,produce,0,77,2.886490725172482,1,2.4402004153614896,2.7002709373564366,2.4379882502194996,2.4833019523581674,1,1,1,1
HH133,compost,22.78113723269634,123,2.9011517144666863,1,2.7107935341181553,2.3159892392989763,3.0776194342518917,0.510216607363307,1,1,1,0
HH133,effluent,17.530941692982076,68,2.615187881547885,1,2.722647259392985,2.6582032327909575,2.2405608655756413,2.565366537076615,1,1,1,1
HH133,produce,0,0,0.6989700043360187,0,2.509000790741858,2.5642516893316296,3.029343187519107,2.223625716693796,1,1,1,1
HH134,compost,31.45376084841695,249,3.2591857195931757,1,2.6402681641684542,2.5373881853427216,2.433762741292188,2.509782061275909,1,1,1,1
HH134,effluent,31.724956991437637,0,0.563678026284647,0,2.6984923966051073,2.8802354262624155,0.563678026284647,2.9228682254404577,1,1,0,1
HH134,produce,0,0,0.6989700043360187,0,2.693726948923647,2.464861980766034,2.8302357011160506,2.9463785662575885,1,1,1,1
HH135,compost,31.63376366027918,85,2.793547258032122,1,2.529803113311723,2.467380994299476,2.6022744210298896,2.7292323069589575,1,1,1,1
HH135,effluent,34.945558316234795,147,3.053010385105951,1,3.334275710102024,2.534345745488998,2.760522628237497,2.7684452059708553,1,1,1,1
HH135,produce,0,0,0.6989700043360187,0,2.1911714557285586,2.5420781463356255,2.7128600646644574,2.597695185925512,1,1,1,1
HH136,compost,-1.3388810021866766,0,0.3921639042301016,0,2.662469995383015,3.4329639654866306,2.317372825642105,2.1721930315674403,1,1,1,1
HH136,effluent,41.46846481535953,227,3.2876059464449545,1,2.500836922580442,2.9428120995711975,2.4583069565664672,2.6126403328836436,1,1,1,1
HH136,produce,0,0,0.6989700043360187,0,2.3929606147967957,2.7345998321264577,2.1899112096928057,2.7882744561838892,1,1,1,1
HH137,compost,8.098049191107277,242,3.119460640034308,1,2.2005817031756094,2.8909509402135027,2.6830299757386173,1.7774325930256283,1,1,1,1
HH137,effluent,44.86775382602537,130,3.0715076699664055,1,2.719492156080098,2.4023895171693166,2.5747744122170024,2.4886598645295965,1,1,1,1
HH137,produce,0,0,0.6989700043360187,0,2.9469923407483725,2.439332693830263,2.616002626498412,2.504198918539445,1,1,1,1
HH138,compost,30.05990453926042,0,0.5532137879329531,0,2.9590380700832126,2.4508408792233944,2.7632646378080903,2.57282850362437,1,1,1,1
HH138,effluent,67.92589182770574,0,0.8917854191117764,0,2.7416959774132725,2.4356052242544344,3.0271089272184537,2.940848308905901,1,1,1,1
HH138,produce,0,0,0.6989700043360187,0,2.9560242822806773,1.871280972857973,2.397418542351348,2.6317480743965693,1,1,1,1
HH139,compost,-2.700958319231251,0,0.3863655125838904,0,2.3908588501311647,3.2533967190755857,2.2595698218609312,2.6688969963961187,1,1,1,1
HH139,effluent,55.97380620149208,4,1.657318854691328,1,3.4919143855257193,2.6306776545777257,0.7542288676993842,2.788054561652695,1,1,0,1
HH139,produce,0,0,0.6989700043360187,0,0.3979400086720376,2.302114376956201,2.75373622217501,2.9184497424011577,0,1,1,1
HH140,compost,23.587635110661786,209,3.1359526495585013,1,2.9295492258767974,3.3518847969444203,2.5196993170799917,2.9834780796774685,1,1,1,1
HH140,effluent,32.93038154739596,0,0.5714141729501423,0,2.2576928510173433,2.62648655539956,2.551326583284859,2.981009192346958,1,1,1,1
HH140,produce,0,0,0.6989700043360187,0,2.4980347236870273,2.2870175013221017,2.696268996745533,1.7828308052025919,1,1,1,1
